gen_tokens,mode,step_idx,median_ms,p95_ms,std_ms
16,fp16_eager,1,33.798293,34.695119,0.649037
16,fp16_eager,2,34.088259,36.455179,1.172273
16,fp16_eager,3,34.891304,38.238079,2.116776
16,fp16_eager,4,34.69846,40.159791,2.793386
16,fp16_eager,5,33.961102,34.402667,0.725737
16,fp16_eager,6,34.889417,38.546569,1.976278
16,fp16_eager,7,34.603806,37.040018,1.463507
16,fp16_eager,8,35.315767,35.524776,1.107027
16,fp16_eager,9,34.876739,37.23688,1.214709
16,fp16_eager,10,35.691355,37.745047,1.514188
16,fp16_eager,11,34.419486,40.859707,3.296898
16,fp16_eager,12,34.77306,35.309398,1.010298
16,fp16_eager,13,35.303849,36.195736,1.221027
16,fp16_eager,14,34.177577,36.33483,1.587844
16,fp16_eager,15,36.481154,38.613697,2.249021
16,fp16_static_compiled_attn_only,1,33.799011,40.20285,3.082153
16,fp16_static_compiled_attn_only,2,32.606331,34.540201,1.177552
16,fp16_static_compiled_attn_only,3,34.191642,39.477532,2.983166
16,fp16_static_compiled_attn_only,4,32.647928,33.420962,0.59481
16,fp16_static_compiled_attn_only,5,33.574136,36.638201,1.661625
16,fp16_static_compiled_attn_only,6,32.843377,34.700164,1.195757
16,fp16_static_compiled_attn_only,7,33.088528,37.003034,2.272217
16,fp16_static_compiled_attn_only,8,33.564758,34.144329,0.433075
16,fp16_static_compiled_attn_only,9,31.548041,33.186045,1.079735
16,fp16_static_compiled_attn_only,10,33.033535,34.168887,0.680827
16,fp16_static_compiled_attn_only,11,32.917485,34.1777,0.631495
16,fp16_static_compiled_attn_only,12,32.164453,32.838965,0.395095
16,fp16_static_compiled_attn_only,13,31.312702,33.9363,1.288741
16,fp16_static_compiled_attn_only,14,32.869851,33.88856,0.917802
16,fp16_static_compiled_attn_only,15,33.493577,33.930931,0.834409
16,fp16_static_compiled_attn_only_deltanet,1,32.347248,40.034957,3.983889
16,fp16_static_compiled_attn_only_deltanet,2,30.973461,34.263822,1.642046
16,fp16_static_compiled_attn_only_deltanet,3,30.834828,32.576282,0.872771
16,fp16_static_compiled_attn_only_deltanet,4,31.023887,32.714128,0.83563
16,fp16_static_compiled_attn_only_deltanet,5,31.558952,31.878117,0.74307
16,fp16_static_compiled_attn_only_deltanet,6,31.409701,36.684197,2.925726
16,fp16_static_compiled_attn_only_deltanet,7,30.862002,32.694967,1.300113
16,fp16_static_compiled_attn_only_deltanet,8,30.286681,31.814742,0.965174
16,fp16_static_compiled_attn_only_deltanet,9,31.064892,34.546133,1.813361
16,fp16_static_compiled_attn_only_deltanet,10,30.972935,31.752352,0.769408
16,fp16_static_compiled_attn_only_deltanet,11,31.441973,31.949463,0.673058
16,fp16_static_compiled_attn_only_deltanet,12,30.372754,32.984921,1.365195
16,fp16_static_compiled_attn_only_deltanet,13,30.80391,31.039427,0.165645
16,fp16_static_compiled_attn_only_deltanet,14,32.993444,33.895391,1.555344
16,fp16_static_compiled_attn_only_deltanet,15,31.624599,35.00494,1.892385
32,fp16_eager,1,35.231037,36.363779,0.607509
32,fp16_eager,2,35.64155,39.584901,1.986342
32,fp16_eager,3,34.686109,36.431753,1.153497
32,fp16_eager,4,35.627841,37.482106,1.297259
32,fp16_eager,5,35.992112,39.665501,2.041823
32,fp16_eager,6,35.011423,46.318144,5.478033
32,fp16_eager,7,35.654217,40.232438,2.723128
32,fp16_eager,8,35.279354,39.349173,2.160972
32,fp16_eager,9,35.115479,38.04879,1.443616
32,fp16_eager,10,35.086296,38.10837,1.541063
32,fp16_eager,11,34.906988,37.572334,1.63353
32,fp16_eager,12,34.966736,36.636834,1.26555
32,fp16_eager,13,35.381235,38.471169,1.882271
32,fp16_eager,14,36.071683,36.249312,0.550972
32,fp16_eager,15,34.960115,38.661772,2.001593
32,fp16_eager,16,34.33279,36.099101,0.82526
32,fp16_eager,17,35.042466,38.620315,2.077803
32,fp16_eager,18,35.153318,35.501941,0.312269
32,fp16_eager,19,36.442815,36.921727,1.160387
32,fp16_eager,20,34.637234,35.403152,0.475711
32,fp16_eager,21,34.88948,38.817913,2.061328
32,fp16_eager,22,35.342707,35.930041,0.517909
32,fp16_eager,23,34.992467,36.864485,1.314438
32,fp16_eager,24,34.690841,45.447206,5.306907
32,fp16_eager,25,34.204126,34.884819,0.666055
32,fp16_eager,26,35.632057,37.380597,1.019081
32,fp16_eager,27,34.809024,35.797951,0.993476
32,fp16_eager,28,33.903972,36.664912,1.470812
32,fp16_eager,29,35.296928,37.352924,1.587324
32,fp16_eager,30,34.954791,38.480808,1.86171
32,fp16_eager,31,34.243995,35.269908,0.54343
32,fp16_static_compiled_attn_only,1,37.146522,45.233754,4.076967
32,fp16_static_compiled_attn_only,2,37.869394,38.245535,0.469778
32,fp16_static_compiled_attn_only,3,37.481965,44.968906,3.658808
32,fp16_static_compiled_attn_only,4,36.646906,42.224284,3.100426
32,fp16_static_compiled_attn_only,5,39.327646,47.608446,4.877161
32,fp16_static_compiled_attn_only,6,37.436371,38.649045,0.781254
32,fp16_static_compiled_attn_only,7,37.687818,37.965799,0.671823
32,fp16_static_compiled_attn_only,8,37.320377,39.663565,1.592725
32,fp16_static_compiled_attn_only,9,36.340505,38.164539,1.024648
32,fp16_static_compiled_attn_only,10,36.766808,37.691594,0.845288
32,fp16_static_compiled_attn_only,11,36.858152,42.71027,3.33196
32,fp16_static_compiled_attn_only,12,36.305947,39.026812,1.313455
32,fp16_static_compiled_attn_only,13,36.15024,37.237655,0.843587
32,fp16_static_compiled_attn_only,14,36.237146,38.390863,1.345323
32,fp16_static_compiled_attn_only,15,36.707192,38.593469,1.224657
32,fp16_static_compiled_attn_only,16,36.542093,40.012778,1.913322
32,fp16_static_compiled_attn_only,17,38.302999,47.550977,5.205871
32,fp16_static_compiled_attn_only,18,37.216743,40.242201,1.875462
32,fp16_static_compiled_attn_only,19,36.832128,38.884898,1.295664
32,fp16_static_compiled_attn_only,20,36.773578,37.365205,0.72149
32,fp16_static_compiled_attn_only,21,37.66967,39.357717,1.134888
32,fp16_static_compiled_attn_only,22,37.512918,41.370952,2.096479
32,fp16_static_compiled_attn_only,23,37.503828,40.414094,1.804332
32,fp16_static_compiled_attn_only,24,37.574792,39.73813,1.6207
32,fp16_static_compiled_attn_only,25,39.509663,52.615062,7.298019
32,fp16_static_compiled_attn_only,26,36.629103,44.623236,3.703256
32,fp16_static_compiled_attn_only,27,38.311307,39.176199,1.430601
32,fp16_static_compiled_attn_only,28,37.312203,40.188627,1.587191
32,fp16_static_compiled_attn_only,29,37.719598,39.908874,1.34491
32,fp16_static_compiled_attn_only,30,36.05132,36.886691,0.608989
32,fp16_static_compiled_attn_only,31,36.357226,37.963113,0.957763
32,fp16_static_compiled_attn_only_deltanet,1,35.3452,38.76369,1.710271
32,fp16_static_compiled_attn_only_deltanet,2,36.328582,37.412241,1.219047
32,fp16_static_compiled_attn_only_deltanet,3,36.513983,38.993124,2.204429
32,fp16_static_compiled_attn_only_deltanet,4,34.784317,45.427555,5.580294
32,fp16_static_compiled_attn_only_deltanet,5,37.335072,37.515646,1.550001
32,fp16_static_compiled_attn_only_deltanet,6,34.661229,35.596475,1.070802
32,fp16_static_compiled_attn_only_deltanet,7,33.961536,36.101805,1.102971
32,fp16_static_compiled_attn_only_deltanet,8,35.297118,35.626536,0.423531
32,fp16_static_compiled_attn_only_deltanet,9,38.484855,40.773807,2.146142
32,fp16_static_compiled_attn_only_deltanet,10,36.22806,37.620736,0.802684
32,fp16_static_compiled_attn_only_deltanet,11,34.294571,43.034176,3.989053
32,fp16_static_compiled_attn_only_deltanet,12,34.992735,44.42821,4.362245
32,fp16_static_compiled_attn_only_deltanet,13,35.154182,40.471976,2.714113
32,fp16_static_compiled_attn_only_deltanet,14,36.2116,38.298345,1.386482
32,fp16_static_compiled_attn_only_deltanet,15,34.901134,37.135293,1.254635
32,fp16_static_compiled_attn_only_deltanet,16,35.559861,36.193027,1.165355
32,fp16_static_compiled_attn_only_deltanet,17,36.304204,39.36882,2.096218
32,fp16_static_compiled_attn_only_deltanet,18,36.753821,38.20712,1.116509
32,fp16_static_compiled_attn_only_deltanet,19,38.680886,42.985468,3.296571
32,fp16_static_compiled_attn_only_deltanet,20,37.199334,48.320245,6.026884
32,fp16_static_compiled_attn_only_deltanet,21,36.038213,43.792882,3.875779
32,fp16_static_compiled_attn_only_deltanet,22,35.716919,39.36347,1.979221
32,fp16_static_compiled_attn_only_deltanet,23,36.410106,42.535026,3.691244
32,fp16_static_compiled_attn_only_deltanet,24,38.460405,40.188459,1.885373
32,fp16_static_compiled_attn_only_deltanet,25,38.128731,42.025751,2.377649
32,fp16_static_compiled_attn_only_deltanet,26,36.868535,40.836472,2.400748
32,fp16_static_compiled_attn_only_deltanet,27,34.44464,40.248412,2.800237
32,fp16_static_compiled_attn_only_deltanet,28,34.552655,35.746679,1.064141
32,fp16_static_compiled_attn_only_deltanet,29,35.324776,39.434753,2.249965
32,fp16_static_compiled_attn_only_deltanet,30,34.334313,37.146883,1.470287
32,fp16_static_compiled_attn_only_deltanet,31,34.813715,38.128571,1.782202
64,fp16_eager,1,34.643991,36.721448,1.155291
64,fp16_eager,2,34.650002,35.297562,0.515152
64,fp16_eager,3,33.894175,34.494116,0.387687
64,fp16_eager,4,33.195407,34.958166,0.870275
64,fp16_eager,5,33.988166,35.586779,0.912822
64,fp16_eager,6,34.469014,35.843905,0.771831
64,fp16_eager,7,34.612508,34.846209,0.568929
64,fp16_eager,8,34.401204,35.486238,0.799329
64,fp16_eager,9,34.979252,35.976398,0.854229
64,fp16_eager,10,33.917756,34.538452,0.614674
64,fp16_eager,11,33.353423,36.19846,1.501221
64,fp16_eager,12,34.326556,35.014843,0.856007
64,fp16_eager,13,33.853617,35.472148,1.002862
64,fp16_eager,14,33.791355,35.151226,0.764174
64,fp16_eager,15,33.25796,34.153389,0.449596
64,fp16_eager,16,33.624883,34.627492,0.557496
64,fp16_eager,17,33.695065,39.795471,3.114809
64,fp16_eager,18,34.381924,35.646405,0.879454
64,fp16_eager,19,34.546572,34.715864,0.812356
64,fp16_eager,20,33.49671,39.568708,3.047999
64,fp16_eager,21,34.386104,34.582909,0.463825
64,fp16_eager,22,33.825324,36.170221,1.42656
64,fp16_eager,23,34.245296,36.822172,1.32842
64,fp16_eager,24,33.759625,34.927825,0.634159
64,fp16_eager,25,34.297107,35.428109,0.97551
64,fp16_eager,26,33.615548,35.935565,1.275881
64,fp16_eager,27,34.31534,34.395466,0.200714
64,fp16_eager,28,33.697794,36.321315,1.262667
64,fp16_eager,29,34.080599,35.762268,1.101822
64,fp16_eager,30,33.433602,34.591698,0.78704
64,fp16_eager,31,34.839043,36.282101,0.919006
64,fp16_eager,32,34.655068,36.869714,1.420999
64,fp16_eager,33,34.354545,35.798466,1.00917
64,fp16_eager,34,33.44726,35.675761,1.132689
64,fp16_eager,35,34.317896,35.55145,0.830277
64,fp16_eager,36,35.450328,37.740916,1.895161
64,fp16_eager,37,34.725709,36.100047,1.206437
64,fp16_eager,38,34.256154,35.885376,0.985817
64,fp16_eager,39,33.787126,34.665132,0.60037
64,fp16_eager,40,33.911082,35.361134,0.832068
64,fp16_eager,41,35.016314,41.457624,3.262211
64,fp16_eager,42,34.395768,37.041764,1.486011
64,fp16_eager,43,33.986411,38.600631,2.23945
64,fp16_eager,44,34.80582,36.471608,1.05016
64,fp16_eager,45,34.100626,34.225022,0.671095
64,fp16_eager,46,34.126576,35.18659,0.766188
64,fp16_eager,47,34.728993,36.289116,1.118556
64,fp16_eager,48,34.065831,35.155426,0.714932
64,fp16_eager,49,34.758671,38.482983,1.995606
64,fp16_eager,50,33.641535,33.750528,0.132835
64,fp16_eager,51,34.025005,34.295499,0.305077
64,fp16_eager,52,34.277309,34.706312,0.411973
64,fp16_eager,53,33.919,34.684319,0.544724
64,fp16_eager,54,34.041354,34.612588,0.566984
64,fp16_eager,55,36.696371,43.933918,4.198873
64,fp16_eager,56,34.283708,36.35548,1.067594
64,fp16_eager,57,33.328558,35.036524,0.811121
64,fp16_eager,58,34.342252,35.768774,0.997473
64,fp16_eager,59,34.850405,36.856366,1.322654
64,fp16_eager,60,34.47566,36.321554,1.044613
64,fp16_eager,61,34.29268,35.418358,0.970259
64,fp16_eager,62,34.256163,34.749357,0.773528
64,fp16_eager,63,35.177408,36.629108,1.150806
64,fp16_static_compiled_attn_only,1,38.76206,39.177941,0.633919
64,fp16_static_compiled_attn_only,2,37.230651,39.978109,1.589463
64,fp16_static_compiled_attn_only,3,37.630091,38.044879,1.461367
64,fp16_static_compiled_attn_only,4,36.202407,38.993477,1.45189
64,fp16_static_compiled_attn_only,5,36.564262,38.977274,1.484298
64,fp16_static_compiled_attn_only,6,37.127936,40.191785,2.043735
64,fp16_static_compiled_attn_only,7,37.316901,37.820794,0.895881
64,fp16_static_compiled_attn_only,8,35.824762,37.301309,0.976523
64,fp16_static_compiled_attn_only,9,36.040109,39.52409,1.885509
64,fp16_static_compiled_attn_only,10,37.549314,38.800257,1.523521
64,fp16_static_compiled_attn_only,11,36.515739,37.816918,0.906055
64,fp16_static_compiled_attn_only,12,35.935155,36.969859,0.72486
64,fp16_static_compiled_attn_only,13,38.350927,39.498172,1.627338
64,fp16_static_compiled_attn_only,14,37.349267,39.038259,1.289812
64,fp16_static_compiled_attn_only,15,36.125696,40.148062,2.109829
64,fp16_static_compiled_attn_only,16,38.264467,42.820556,2.63897
64,fp16_static_compiled_attn_only,17,37.539245,38.539773,1.340458
64,fp16_static_compiled_attn_only,18,36.316459,38.41193,1.241221
64,fp16_static_compiled_attn_only,19,36.724844,37.925603,1.16673
64,fp16_static_compiled_attn_only,20,37.495443,38.797553,1.321292
64,fp16_static_compiled_attn_only,21,36.666593,37.138315,0.663229
64,fp16_static_compiled_attn_only,22,36.272919,37.151251,0.827868
64,fp16_static_compiled_attn_only,23,35.530088,41.458898,2.695839
64,fp16_static_compiled_attn_only,24,37.187052,38.539243,1.004478
64,fp16_static_compiled_attn_only,25,36.176983,38.325312,1.266908
64,fp16_static_compiled_attn_only,26,36.528259,39.767171,1.831657
64,fp16_static_compiled_attn_only,27,35.78726,36.968022,0.675853
64,fp16_static_compiled_attn_only,28,36.142174,39.612511,1.600261
64,fp16_static_compiled_attn_only,29,37.195635,38.298202,0.925316
64,fp16_static_compiled_attn_only,30,36.081021,36.337009,0.539217
64,fp16_static_compiled_attn_only,31,36.811371,37.59681,1.207707
64,fp16_static_compiled_attn_only,32,36.077311,38.491132,1.18951
64,fp16_static_compiled_attn_only,33,36.621471,39.087976,1.534612
64,fp16_static_compiled_attn_only,34,35.931208,40.398851,2.399996
64,fp16_static_compiled_attn_only,35,37.412601,40.384911,1.849827
64,fp16_static_compiled_attn_only,36,35.788506,37.77315,1.172397
64,fp16_static_compiled_attn_only,37,36.074643,38.942549,1.492912
64,fp16_static_compiled_attn_only,38,36.313797,41.751966,2.827084
64,fp16_static_compiled_attn_only,39,36.915456,41.586951,2.518764
64,fp16_static_compiled_attn_only,40,37.117923,44.508064,3.72723
64,fp16_static_compiled_attn_only,41,36.493109,41.414614,2.401436
64,fp16_static_compiled_attn_only,42,36.307646,39.0721,1.513779
64,fp16_static_compiled_attn_only,43,38.743576,38.82204,1.745023
64,fp16_static_compiled_attn_only,44,36.426812,38.545797,1.405807
64,fp16_static_compiled_attn_only,45,36.680733,38.905111,1.283673
64,fp16_static_compiled_attn_only,46,36.10377,38.952511,1.405773
64,fp16_static_compiled_attn_only,47,36.357976,38.252359,1.096847
64,fp16_static_compiled_attn_only,48,36.47187,39.002846,1.40781
64,fp16_static_compiled_attn_only,49,35.951293,44.180485,4.020513
64,fp16_static_compiled_attn_only,50,36.655752,40.153656,1.99742
64,fp16_static_compiled_attn_only,51,36.014486,37.669037,0.956759
64,fp16_static_compiled_attn_only,52,37.754695,41.12041,2.171752
64,fp16_static_compiled_attn_only,53,37.035327,39.272664,1.621692
64,fp16_static_compiled_attn_only,54,36.591021,43.168608,3.192957
64,fp16_static_compiled_attn_only,55,37.467268,46.683732,4.880904
64,fp16_static_compiled_attn_only,56,36.262312,40.614447,2.1357
64,fp16_static_compiled_attn_only,57,36.458568,39.345655,1.861164
64,fp16_static_compiled_attn_only,58,36.370278,37.520949,0.961112
64,fp16_static_compiled_attn_only,59,36.644456,37.93099,0.639686
64,fp16_static_compiled_attn_only,60,36.27256,37.843139,0.815574
64,fp16_static_compiled_attn_only,61,36.040261,38.584042,1.47296
64,fp16_static_compiled_attn_only,62,36.582355,45.439019,4.457124
64,fp16_static_compiled_attn_only,63,36.880305,43.61343,3.535383
64,fp16_static_compiled_attn_only_deltanet,1,37.492511,48.937792,5.817885
64,fp16_static_compiled_attn_only_deltanet,2,35.818634,36.534007,1.070777
64,fp16_static_compiled_attn_only_deltanet,3,34.046812,42.063752,4.076116
64,fp16_static_compiled_attn_only_deltanet,4,34.256092,34.97321,0.663325
64,fp16_static_compiled_attn_only_deltanet,5,34.543472,37.76738,1.908314
64,fp16_static_compiled_attn_only_deltanet,6,35.935735,38.040184,1.288972
64,fp16_static_compiled_attn_only_deltanet,7,33.757054,34.36395,0.4033
64,fp16_static_compiled_attn_only_deltanet,8,34.66742,40.790389,3.085091
64,fp16_static_compiled_attn_only_deltanet,9,34.505833,35.70624,0.719616
64,fp16_static_compiled_attn_only_deltanet,10,34.687849,35.533395,0.930245
64,fp16_static_compiled_attn_only_deltanet,11,34.580254,35.367879,0.844777
64,fp16_static_compiled_attn_only_deltanet,12,33.665034,35.285015,0.935759
64,fp16_static_compiled_attn_only_deltanet,13,33.619937,35.397824,1.251541
64,fp16_static_compiled_attn_only_deltanet,14,34.971717,39.0895,2.122292
64,fp16_static_compiled_attn_only_deltanet,15,34.201113,36.288269,1.242704
64,fp16_static_compiled_attn_only_deltanet,16,33.577113,35.255015,0.83852
64,fp16_static_compiled_attn_only_deltanet,17,34.487184,37.00973,1.343999
64,fp16_static_compiled_attn_only_deltanet,18,36.036041,40.219087,2.656475
64,fp16_static_compiled_attn_only_deltanet,19,34.0652,37.728377,1.723853
64,fp16_static_compiled_attn_only_deltanet,20,34.59344,35.214785,0.743793
64,fp16_static_compiled_attn_only_deltanet,21,34.522622,34.908636,0.665518
64,fp16_static_compiled_attn_only_deltanet,22,33.253728,34.140423,0.46588
64,fp16_static_compiled_attn_only_deltanet,23,34.100985,37.499729,1.89733
64,fp16_static_compiled_attn_only_deltanet,24,34.158093,34.511038,0.608898
64,fp16_static_compiled_attn_only_deltanet,25,34.658112,36.318852,1.245114
64,fp16_static_compiled_attn_only_deltanet,26,33.972473,40.703431,3.131498
64,fp16_static_compiled_attn_only_deltanet,27,34.78578,38.812128,2.018743
64,fp16_static_compiled_attn_only_deltanet,28,33.717221,44.989835,5.47049
64,fp16_static_compiled_attn_only_deltanet,29,34.444148,46.089563,5.475864
64,fp16_static_compiled_attn_only_deltanet,30,34.399947,41.990903,4.011694
64,fp16_static_compiled_attn_only_deltanet,31,33.239885,36.138994,1.402587
64,fp16_static_compiled_attn_only_deltanet,32,34.077926,35.913041,0.966454
64,fp16_static_compiled_attn_only_deltanet,33,34.56362,35.702789,0.875124
64,fp16_static_compiled_attn_only_deltanet,34,34.848447,35.631419,0.671875
64,fp16_static_compiled_attn_only_deltanet,35,35.08093,40.358244,2.984008
64,fp16_static_compiled_attn_only_deltanet,36,34.254071,34.298019,0.379286
64,fp16_static_compiled_attn_only_deltanet,37,33.945542,35.046635,0.809211
64,fp16_static_compiled_attn_only_deltanet,38,33.540161,35.214972,1.011181
64,fp16_static_compiled_attn_only_deltanet,39,33.56647,35.152063,1.013927
64,fp16_static_compiled_attn_only_deltanet,40,34.074635,34.829795,0.766087
64,fp16_static_compiled_attn_only_deltanet,41,33.866133,41.964277,3.922647
64,fp16_static_compiled_attn_only_deltanet,42,33.843042,34.295629,0.674644
64,fp16_static_compiled_attn_only_deltanet,43,33.654547,34.811599,0.703095
64,fp16_static_compiled_attn_only_deltanet,44,35.367864,36.357117,0.668985
64,fp16_static_compiled_attn_only_deltanet,45,33.927862,34.623453,0.595349
64,fp16_static_compiled_attn_only_deltanet,46,34.376202,36.619744,1.435342
64,fp16_static_compiled_attn_only_deltanet,47,34.202357,39.218682,2.626782
64,fp16_static_compiled_attn_only_deltanet,48,34.728035,36.16668,0.923751
64,fp16_static_compiled_attn_only_deltanet,49,34.180893,36.767119,1.455281
64,fp16_static_compiled_attn_only_deltanet,50,33.739927,37.148454,1.582504
64,fp16_static_compiled_attn_only_deltanet,51,33.827751,39.582311,3.064963
64,fp16_static_compiled_attn_only_deltanet,52,33.757031,35.612349,1.200525
64,fp16_static_compiled_attn_only_deltanet,53,34.777515,39.660126,2.635896
64,fp16_static_compiled_attn_only_deltanet,54,33.989771,34.971521,0.600819
64,fp16_static_compiled_attn_only_deltanet,55,33.318579,34.816623,0.754566
64,fp16_static_compiled_attn_only_deltanet,56,35.06983,36.501464,0.801593
64,fp16_static_compiled_attn_only_deltanet,57,34.149727,36.000631,1.101841
64,fp16_static_compiled_attn_only_deltanet,58,34.212034,35.389287,0.77094
64,fp16_static_compiled_attn_only_deltanet,59,34.709642,35.682151,0.608931
64,fp16_static_compiled_attn_only_deltanet,60,35.117501,36.225474,1.149186
64,fp16_static_compiled_attn_only_deltanet,61,33.468309,36.145908,1.324748
64,fp16_static_compiled_attn_only_deltanet,62,34.05885,36.957853,1.513208
64,fp16_static_compiled_attn_only_deltanet,63,34.577606,39.456212,2.369621
128,fp16_eager,1,34.190753,34.931921,0.361129
128,fp16_eager,2,34.978159,37.624705,1.372892
128,fp16_eager,3,34.610346,34.971169,0.392149
128,fp16_eager,4,35.579854,36.983947,0.873752
128,fp16_eager,5,35.288835,37.9089,1.338778
128,fp16_eager,6,35.439277,39.49181,2.3589
128,fp16_eager,7,34.803548,36.622944,0.891656
128,fp16_eager,8,34.746676,35.968087,0.83812
128,fp16_eager,9,34.47634,37.413884,1.45571
128,fp16_eager,10,35.405476,35.551888,0.458737
128,fp16_eager,11,35.590802,36.435212,0.893334
128,fp16_eager,12,34.557591,35.402702,0.747096
128,fp16_eager,13,35.114769,41.595206,3.344792
128,fp16_eager,14,34.632238,36.215431,0.886368
128,fp16_eager,15,34.549384,36.985906,1.478402
128,fp16_eager,16,35.971972,46.343139,5.506887
128,fp16_eager,17,35.305455,37.712787,1.521735
128,fp16_eager,18,36.764761,42.888206,3.481049
128,fp16_eager,19,36.11306,36.303174,0.8179
128,fp16_eager,20,34.35473,35.245871,0.50818
128,fp16_eager,21,34.647976,35.905779,0.92791
128,fp16_eager,22,34.310402,35.70219,0.818568
128,fp16_eager,23,34.850555,37.695607,1.34363
128,fp16_eager,24,34.053514,36.175865,1.365189
128,fp16_eager,25,35.468379,37.601323,1.339581
128,fp16_eager,26,35.830012,36.475243,0.716903
128,fp16_eager,27,36.656121,37.43007,0.666021
128,fp16_eager,28,35.220446,38.639741,1.869575
128,fp16_eager,29,34.09188,36.670945,1.46676
128,fp16_eager,30,35.306812,37.251822,1.24816
128,fp16_eager,31,34.89994,35.935887,0.55379
128,fp16_eager,32,35.642388,37.250725,1.376524
128,fp16_eager,33,34.600538,35.801064,1.04378
128,fp16_eager,34,36.108975,37.178612,1.091848
128,fp16_eager,35,35.351715,36.283254,0.89555
128,fp16_eager,36,35.312549,39.368923,2.303871
128,fp16_eager,37,35.452155,35.74995,0.504335
128,fp16_eager,38,35.198222,36.441042,0.663094
128,fp16_eager,39,35.30168,37.631009,1.518843
128,fp16_eager,40,36.407336,41.748434,3.19101
128,fp16_eager,41,34.902328,36.494106,0.926789
128,fp16_eager,42,34.944111,39.415544,2.31126
128,fp16_eager,43,35.045217,38.302839,1.691915
128,fp16_eager,44,36.736957,37.654594,1.446152
128,fp16_eager,45,34.876251,37.395845,1.499731
128,fp16_eager,46,34.647282,36.40474,1.254716
128,fp16_eager,47,36.120073,38.988502,2.249564
128,fp16_eager,48,35.737885,39.800728,2.436145
128,fp16_eager,49,34.746629,37.524745,1.49361
128,fp16_eager,50,35.204135,43.472155,3.960014
128,fp16_eager,51,35.383196,38.850053,1.671791
128,fp16_eager,52,34.815115,41.528695,3.394604
128,fp16_eager,53,35.210267,40.145664,2.615151
128,fp16_eager,54,35.458063,37.642526,1.13212
128,fp16_eager,55,34.932671,39.368066,2.305642
128,fp16_eager,56,34.736496,36.508274,1.052656
128,fp16_eager,57,34.777021,37.912207,1.79816
128,fp16_eager,58,35.070789,36.082897,0.800023
128,fp16_eager,59,35.203615,35.673354,0.735021
128,fp16_eager,60,34.518999,35.372146,0.66009
128,fp16_eager,61,35.567278,35.851876,1.014888
128,fp16_eager,62,35.105487,37.178342,1.536451
128,fp16_eager,63,35.635513,36.609116,0.82855
128,fp16_eager,64,35.581484,36.421651,0.871414
128,fp16_eager,65,34.423872,34.698528,0.306844
128,fp16_eager,66,34.70807,37.656218,1.486981
128,fp16_eager,67,34.78033,36.926531,1.339469
128,fp16_eager,68,34.414149,35.031877,0.476279
128,fp16_eager,69,35.210022,35.394743,0.411155
128,fp16_eager,70,34.939629,35.571298,0.562315
128,fp16_eager,71,34.756966,38.488871,1.751856
128,fp16_eager,72,34.666307,35.819251,0.781192
128,fp16_eager,73,34.752252,35.781472,0.495088
128,fp16_eager,74,35.408248,36.216653,0.936565
128,fp16_eager,75,35.133734,36.509329,0.836395
128,fp16_eager,76,34.599136,36.461301,1.112922
128,fp16_eager,77,34.608163,36.675795,1.168569
128,fp16_eager,78,34.814195,36.564284,1.137175
128,fp16_eager,79,34.460407,36.258943,0.893721
128,fp16_eager,80,34.325602,35.149774,0.502179
128,fp16_eager,81,34.436867,35.502681,0.571843
128,fp16_eager,82,35.442909,42.486429,3.750089
128,fp16_eager,83,35.177555,37.194114,1.226423
128,fp16_eager,84,34.905491,36.3826,0.981035
128,fp16_eager,85,35.265608,36.341307,0.904491
128,fp16_eager,86,35.481882,36.476584,0.758168
128,fp16_eager,87,35.270604,36.134314,0.577507
128,fp16_eager,88,35.392546,36.612207,0.864152
128,fp16_eager,89,35.464861,36.525308,1.162872
128,fp16_eager,90,35.387266,37.52779,1.682433
128,fp16_eager,91,35.080224,39.322737,2.018584
128,fp16_eager,92,34.878341,42.537041,3.922718
128,fp16_eager,93,35.712529,38.103193,1.74132
128,fp16_eager,94,34.434074,40.302214,3.107442
128,fp16_eager,95,34.797864,36.312963,0.930507
128,fp16_eager,96,35.046777,36.894978,1.064759
128,fp16_eager,97,35.694678,41.959881,3.208821
128,fp16_eager,98,34.644607,43.883624,4.27011
128,fp16_eager,99,35.05554,45.319182,5.395746
128,fp16_eager,100,33.891672,39.811122,2.823097
128,fp16_eager,101,34.433321,41.157041,3.323306
128,fp16_eager,102,34.749503,39.918994,2.624933
128,fp16_eager,103,35.628841,38.640664,1.841218
128,fp16_eager,104,36.2618,42.023195,3.211247
128,fp16_eager,105,34.601622,40.078968,2.875219
128,fp16_eager,106,34.403266,39.097156,2.466594
128,fp16_eager,107,34.930178,36.732581,1.176108
128,fp16_eager,108,34.749438,40.346234,2.997558
128,fp16_eager,109,35.218291,39.753043,2.545965
128,fp16_eager,110,34.553144,43.567654,4.199837
128,fp16_eager,111,34.334054,41.552013,3.635045
128,fp16_eager,112,36.468384,37.553927,1.341689
128,fp16_eager,113,37.176843,44.880496,4.66098
128,fp16_eager,114,34.458414,37.953861,1.679496
128,fp16_eager,115,34.034278,35.06602,0.652818
128,fp16_eager,116,34.930203,35.882674,0.754009
128,fp16_eager,117,34.351027,36.070762,1.132732
128,fp16_eager,118,35.026108,38.5689,1.918266
128,fp16_eager,119,34.782174,34.982009,0.374891
128,fp16_eager,120,35.224323,38.251821,1.675284
128,fp16_eager,121,33.90934,34.944016,0.594308
128,fp16_eager,122,35.103565,35.619204,0.803043
128,fp16_eager,123,34.388578,34.623901,0.358867
128,fp16_eager,124,34.981945,35.688448,0.546471
128,fp16_eager,125,34.220409,36.129288,1.046128
128,fp16_eager,126,35.763974,37.056661,1.008129
128,fp16_eager,127,34.403203,35.110992,0.558693
128,fp16_static_compiled_attn_only,1,41.387568,48.169431,3.71431
128,fp16_static_compiled_attn_only,2,37.159937,43.93043,3.397906
128,fp16_static_compiled_attn_only,3,37.615751,38.353475,0.454061
128,fp16_static_compiled_attn_only,4,37.335355,42.77075,2.766131
128,fp16_static_compiled_attn_only,5,36.431045,41.011687,2.089165
128,fp16_static_compiled_attn_only,6,37.431421,39.102272,1.30648
128,fp16_static_compiled_attn_only,7,36.638342,37.608157,0.716631
128,fp16_static_compiled_attn_only,8,36.82605,37.233091,0.609305
128,fp16_static_compiled_attn_only,9,37.587615,41.600693,2.059366
128,fp16_static_compiled_attn_only,10,38.204693,39.567568,1.065524
128,fp16_static_compiled_attn_only,11,38.78279,40.967972,2.051873
128,fp16_static_compiled_attn_only,12,38.980759,41.351095,1.76614
128,fp16_static_compiled_attn_only,13,37.43061,41.098651,2.309131
128,fp16_static_compiled_attn_only,14,38.870921,39.461276,1.282756
128,fp16_static_compiled_attn_only,15,37.542176,38.748966,1.152616
128,fp16_static_compiled_attn_only,16,38.443792,38.722758,0.947852
128,fp16_static_compiled_attn_only,17,37.124573,38.935098,1.115453
128,fp16_static_compiled_attn_only,18,37.778902,38.187788,0.982822
128,fp16_static_compiled_attn_only,19,37.376678,38.813465,1.287571
128,fp16_static_compiled_attn_only,20,37.641792,38.339141,0.61157
128,fp16_static_compiled_attn_only,21,38.199146,41.212666,2.170257
128,fp16_static_compiled_attn_only,22,37.369224,39.174764,1.010872
128,fp16_static_compiled_attn_only,23,36.994878,37.839439,0.680926
128,fp16_static_compiled_attn_only,24,37.259761,38.374526,0.722973
128,fp16_static_compiled_attn_only,25,36.701774,37.327241,0.343941
128,fp16_static_compiled_attn_only,26,37.590243,38.511111,0.819825
128,fp16_static_compiled_attn_only,27,37.454981,40.50124,1.546906
128,fp16_static_compiled_attn_only,28,37.619715,39.217016,0.864088
128,fp16_static_compiled_attn_only,29,36.724147,39.783402,1.5053
128,fp16_static_compiled_attn_only,30,37.005673,40.897162,1.915136
128,fp16_static_compiled_attn_only,31,36.745103,40.058423,1.538977
128,fp16_static_compiled_attn_only,32,38.126202,39.201748,0.879976
128,fp16_static_compiled_attn_only,33,37.111381,38.460984,1.063646
128,fp16_static_compiled_attn_only,34,38.078678,40.696814,1.320918
128,fp16_static_compiled_attn_only,35,37.898441,47.199849,4.436145
128,fp16_static_compiled_attn_only,36,37.680815,41.369545,2.000979
128,fp16_static_compiled_attn_only,37,37.23507,41.942512,2.47284
128,fp16_static_compiled_attn_only,38,38.671933,39.293453,1.380324
128,fp16_static_compiled_attn_only,39,36.622511,39.141103,1.496198
128,fp16_static_compiled_attn_only,40,36.92187,38.838373,1.123984
128,fp16_static_compiled_attn_only,41,37.287332,43.167544,2.896227
128,fp16_static_compiled_attn_only,42,37.956225,41.252362,2.164135
128,fp16_static_compiled_attn_only,43,37.860853,39.983617,1.502823
128,fp16_static_compiled_attn_only,44,37.327889,40.341952,1.496626
128,fp16_static_compiled_attn_only,45,38.603019,40.432143,0.973209
128,fp16_static_compiled_attn_only,46,37.464453,43.271731,3.022403
128,fp16_static_compiled_attn_only,47,37.669048,40.084961,1.542269
128,fp16_static_compiled_attn_only,48,38.169011,38.938923,0.772231
128,fp16_static_compiled_attn_only,49,36.859054,39.631772,1.566781
128,fp16_static_compiled_attn_only,50,36.847239,40.812518,2.088959
128,fp16_static_compiled_attn_only,51,37.430015,44.800633,3.587799
128,fp16_static_compiled_attn_only,52,36.47597,41.5299,2.367592
128,fp16_static_compiled_attn_only,53,37.576756,41.576645,2.174396
128,fp16_static_compiled_attn_only,54,37.455479,39.539746,1.001436
128,fp16_static_compiled_attn_only,55,37.248102,38.178166,1.151546
128,fp16_static_compiled_attn_only,56,37.391437,37.872738,0.791079
128,fp16_static_compiled_attn_only,57,37.765932,38.206972,0.940698
128,fp16_static_compiled_attn_only,58,36.835649,41.45356,2.278
128,fp16_static_compiled_attn_only,59,37.588382,38.054994,0.689318
128,fp16_static_compiled_attn_only,60,36.845239,38.962916,1.125843
128,fp16_static_compiled_attn_only,61,37.106625,37.204602,0.230002
128,fp16_static_compiled_attn_only,62,36.508783,37.735616,0.66615
128,fp16_static_compiled_attn_only,63,38.036216,38.714878,0.620277
128,fp16_static_compiled_attn_only,64,37.36523,38.280413,0.630482
128,fp16_static_compiled_attn_only,65,37.848414,38.042118,0.38601
128,fp16_static_compiled_attn_only,66,38.192659,38.814593,1.218622
128,fp16_static_compiled_attn_only,67,37.469307,37.873448,0.715536
128,fp16_static_compiled_attn_only,68,36.790621,39.628353,1.440099
128,fp16_static_compiled_attn_only,69,36.852056,37.633148,0.752607
128,fp16_static_compiled_attn_only,70,36.840772,38.753028,1.026583
128,fp16_static_compiled_attn_only,71,37.232605,38.010543,0.60459
128,fp16_static_compiled_attn_only,72,36.515769,37.897619,0.812929
128,fp16_static_compiled_attn_only,73,37.596917,39.865754,1.221985
128,fp16_static_compiled_attn_only,74,36.754479,39.641974,1.636115
128,fp16_static_compiled_attn_only,75,36.888077,38.362187,0.844463
128,fp16_static_compiled_attn_only,76,37.470289,39.341349,0.931894
128,fp16_static_compiled_attn_only,77,37.394004,38.556334,0.879756
128,fp16_static_compiled_attn_only,78,38.799763,39.049338,0.942945
128,fp16_static_compiled_attn_only,79,37.156512,37.790708,0.620708
128,fp16_static_compiled_attn_only,80,36.683019,38.788141,1.005709
128,fp16_static_compiled_attn_only,81,37.642863,38.587331,1.061404
128,fp16_static_compiled_attn_only,82,37.911279,42.194975,2.430368
128,fp16_static_compiled_attn_only,83,37.162959,39.544227,1.438064
128,fp16_static_compiled_attn_only,84,37.141249,40.331274,1.863688
128,fp16_static_compiled_attn_only,85,37.516867,38.783853,1.083133
128,fp16_static_compiled_attn_only,86,37.038775,39.04253,1.034261
128,fp16_static_compiled_attn_only,87,37.600348,40.988781,1.723874
128,fp16_static_compiled_attn_only,88,38.882258,42.401065,1.911613
128,fp16_static_compiled_attn_only,89,37.669032,41.199231,2.047871
128,fp16_static_compiled_attn_only,90,37.912088,38.245015,0.579116
128,fp16_static_compiled_attn_only,91,37.721425,38.108578,0.945519
128,fp16_static_compiled_attn_only,92,37.114138,38.974557,1.291667
128,fp16_static_compiled_attn_only,93,37.520648,38.758033,0.934557
128,fp16_static_compiled_attn_only,94,37.007491,39.065018,1.098763
128,fp16_static_compiled_attn_only,95,36.804509,39.065416,1.140227
128,fp16_static_compiled_attn_only,96,37.841046,39.432019,1.247837
128,fp16_static_compiled_attn_only,97,36.522901,38.464212,1.124673
128,fp16_static_compiled_attn_only,98,37.678579,38.548753,0.860827
128,fp16_static_compiled_attn_only,99,36.697369,41.63416,2.23517
128,fp16_static_compiled_attn_only,100,36.785929,42.427115,2.858858
128,fp16_static_compiled_attn_only,101,36.806606,37.605515,0.424798
128,fp16_static_compiled_attn_only,102,36.682437,39.076899,1.251665
128,fp16_static_compiled_attn_only,103,38.059055,38.923073,0.89014
128,fp16_static_compiled_attn_only,104,36.093738,38.54607,1.144856
128,fp16_static_compiled_attn_only,105,37.384781,41.658648,2.28138
128,fp16_static_compiled_attn_only,106,38.561822,43.138638,2.58233
128,fp16_static_compiled_attn_only,107,37.410789,38.739372,0.701718
128,fp16_static_compiled_attn_only,108,37.56196,37.97324,0.819901
128,fp16_static_compiled_attn_only,109,37.805457,39.210096,1.184423
128,fp16_static_compiled_attn_only,110,42.063056,46.417274,3.248369
128,fp16_static_compiled_attn_only,111,38.908588,41.924579,1.79041
128,fp16_static_compiled_attn_only,112,37.368386,38.360669,0.960246
128,fp16_static_compiled_attn_only,113,37.337651,38.854825,0.85762
128,fp16_static_compiled_attn_only,114,37.615774,40.37674,1.920016
128,fp16_static_compiled_attn_only,115,38.314771,40.733829,1.736734
128,fp16_static_compiled_attn_only,116,37.469492,39.063532,1.350315
128,fp16_static_compiled_attn_only,117,37.665139,39.645234,1.029489
128,fp16_static_compiled_attn_only,118,36.896896,38.50555,1.275603
128,fp16_static_compiled_attn_only,119,38.28354,40.979482,1.614664
128,fp16_static_compiled_attn_only,120,37.032881,42.478241,2.867671
128,fp16_static_compiled_attn_only,121,38.40672,41.146241,1.564365
128,fp16_static_compiled_attn_only,122,39.558069,41.664687,1.942148
128,fp16_static_compiled_attn_only,123,37.861456,42.78668,2.33678
128,fp16_static_compiled_attn_only,124,36.968224,41.729322,2.358788
128,fp16_static_compiled_attn_only,125,41.591213,44.682671,2.831535
128,fp16_static_compiled_attn_only,126,38.472899,39.500854,0.755404
128,fp16_static_compiled_attn_only,127,37.902518,40.019338,1.045275
128,fp16_static_compiled_attn_only_deltanet,1,39.796198,41.275377,1.106359
128,fp16_static_compiled_attn_only_deltanet,2,34.414934,39.317456,2.512237
128,fp16_static_compiled_attn_only_deltanet,3,33.831165,34.764733,0.706429
128,fp16_static_compiled_attn_only_deltanet,4,34.592659,36.206135,1.01296
128,fp16_static_compiled_attn_only_deltanet,5,34.773844,39.808228,2.621622
128,fp16_static_compiled_attn_only_deltanet,6,34.444565,35.331694,0.583563
128,fp16_static_compiled_attn_only_deltanet,7,35.027248,36.949811,1.020448
128,fp16_static_compiled_attn_only_deltanet,8,34.447008,40.933446,3.449162
128,fp16_static_compiled_attn_only_deltanet,9,34.603083,34.825582,0.241711
128,fp16_static_compiled_attn_only_deltanet,10,35.163013,36.570617,1.411793
128,fp16_static_compiled_attn_only_deltanet,11,35.087253,37.413702,1.426767
128,fp16_static_compiled_attn_only_deltanet,12,34.970458,36.182503,0.699489
128,fp16_static_compiled_attn_only_deltanet,13,35.310991,40.905903,2.855982
128,fp16_static_compiled_attn_only_deltanet,14,35.230818,35.961988,0.823672
128,fp16_static_compiled_attn_only_deltanet,15,35.44362,37.767159,1.502801
128,fp16_static_compiled_attn_only_deltanet,16,36.801965,37.84496,1.597814
128,fp16_static_compiled_attn_only_deltanet,17,35.135731,36.417601,0.694594
128,fp16_static_compiled_attn_only_deltanet,18,37.756333,39.61256,2.108404
128,fp16_static_compiled_attn_only_deltanet,19,34.982909,35.975396,0.6924
128,fp16_static_compiled_attn_only_deltanet,20,34.068707,36.152153,1.301887
128,fp16_static_compiled_attn_only_deltanet,21,33.715876,35.412682,1.03461
128,fp16_static_compiled_attn_only_deltanet,22,35.328918,35.849898,1.215752
128,fp16_static_compiled_attn_only_deltanet,23,33.975842,36.474146,1.241426
128,fp16_static_compiled_attn_only_deltanet,24,34.093606,36.413075,1.298623
128,fp16_static_compiled_attn_only_deltanet,25,34.893279,35.454603,0.449213
128,fp16_static_compiled_attn_only_deltanet,26,34.201963,36.904389,1.328522
128,fp16_static_compiled_attn_only_deltanet,27,34.560056,36.960369,1.441769
128,fp16_static_compiled_attn_only_deltanet,28,34.885905,36.402869,0.947364
128,fp16_static_compiled_attn_only_deltanet,29,35.913835,38.076103,1.608014
128,fp16_static_compiled_attn_only_deltanet,30,34.23204,38.897914,2.224685
128,fp16_static_compiled_attn_only_deltanet,31,35.235785,36.914266,1.328789
128,fp16_static_compiled_attn_only_deltanet,32,34.563263,36.935781,1.426307
128,fp16_static_compiled_attn_only_deltanet,33,35.997571,36.742998,0.696829
128,fp16_static_compiled_attn_only_deltanet,34,37.282897,39.763707,1.747062
128,fp16_static_compiled_attn_only_deltanet,35,34.436954,34.775971,0.475626
128,fp16_static_compiled_attn_only_deltanet,36,34.134737,36.241387,1.197852
128,fp16_static_compiled_attn_only_deltanet,37,35.066828,35.4651,0.819652
128,fp16_static_compiled_attn_only_deltanet,38,34.481077,35.345393,1.075095
128,fp16_static_compiled_attn_only_deltanet,39,34.552755,37.109625,1.507481
128,fp16_static_compiled_attn_only_deltanet,40,35.712631,36.936556,0.924111
128,fp16_static_compiled_attn_only_deltanet,41,35.212444,35.667613,0.837445
128,fp16_static_compiled_attn_only_deltanet,42,35.308121,39.668387,2.339581
128,fp16_static_compiled_attn_only_deltanet,43,34.752908,36.379246,0.849912
128,fp16_static_compiled_attn_only_deltanet,44,34.390459,35.452155,0.63864
128,fp16_static_compiled_attn_only_deltanet,45,33.854462,34.390631,0.380065
128,fp16_static_compiled_attn_only_deltanet,46,35.302206,35.643304,0.749484
128,fp16_static_compiled_attn_only_deltanet,47,34.223017,36.026684,0.942269
128,fp16_static_compiled_attn_only_deltanet,48,34.533056,35.663932,0.946824
128,fp16_static_compiled_attn_only_deltanet,49,34.08725,34.790509,0.587349
128,fp16_static_compiled_attn_only_deltanet,50,34.428237,35.233206,0.421286
128,fp16_static_compiled_attn_only_deltanet,51,34.091237,34.943857,0.647486
128,fp16_static_compiled_attn_only_deltanet,52,35.361318,36.526482,1.254127
128,fp16_static_compiled_attn_only_deltanet,53,35.228797,36.197894,1.101468
128,fp16_static_compiled_attn_only_deltanet,54,34.423529,38.494161,2.118135
128,fp16_static_compiled_attn_only_deltanet,55,35.550053,37.042286,1.290401
128,fp16_static_compiled_attn_only_deltanet,56,35.986716,38.407513,1.43621
128,fp16_static_compiled_attn_only_deltanet,57,35.801488,37.212308,0.842532
128,fp16_static_compiled_attn_only_deltanet,58,34.842594,40.07863,2.753708
128,fp16_static_compiled_attn_only_deltanet,59,34.90902,35.305328,0.414646
128,fp16_static_compiled_attn_only_deltanet,60,34.149665,34.596609,0.607554
128,fp16_static_compiled_attn_only_deltanet,61,34.201252,38.995331,2.326339
128,fp16_static_compiled_attn_only_deltanet,62,34.60026,38.677457,2.150796
128,fp16_static_compiled_attn_only_deltanet,63,35.399855,36.556722,0.760193
128,fp16_static_compiled_attn_only_deltanet,64,34.244373,36.466789,1.08049
128,fp16_static_compiled_attn_only_deltanet,65,34.595776,36.6841,1.256851
128,fp16_static_compiled_attn_only_deltanet,66,34.457643,35.783033,1.006099
128,fp16_static_compiled_attn_only_deltanet,67,35.385046,37.524157,1.326718
128,fp16_static_compiled_attn_only_deltanet,68,35.610507,44.030391,4.232161
128,fp16_static_compiled_attn_only_deltanet,69,34.972587,37.692617,1.73988
128,fp16_static_compiled_attn_only_deltanet,70,33.668187,35.180704,1.001371
128,fp16_static_compiled_attn_only_deltanet,71,34.52881,35.309672,0.560742
128,fp16_static_compiled_attn_only_deltanet,72,34.566297,35.473827,0.453922
128,fp16_static_compiled_attn_only_deltanet,73,34.736466,38.87472,2.023326
128,fp16_static_compiled_attn_only_deltanet,74,34.690538,37.159341,1.422152
128,fp16_static_compiled_attn_only_deltanet,75,36.792192,37.319261,1.438975
128,fp16_static_compiled_attn_only_deltanet,76,35.04756,35.988075,1.094311
128,fp16_static_compiled_attn_only_deltanet,77,34.532626,35.13575,0.579706
128,fp16_static_compiled_attn_only_deltanet,78,35.101214,36.02069,0.942982
128,fp16_static_compiled_attn_only_deltanet,79,35.520954,35.730159,0.658844
128,fp16_static_compiled_attn_only_deltanet,80,33.924184,34.167301,0.201689
128,fp16_static_compiled_attn_only_deltanet,81,35.080414,36.092604,0.933365
128,fp16_static_compiled_attn_only_deltanet,82,34.749077,36.113106,0.677774
128,fp16_static_compiled_attn_only_deltanet,83,35.557258,39.804442,2.421943
128,fp16_static_compiled_attn_only_deltanet,84,35.399792,36.886073,0.946771
128,fp16_static_compiled_attn_only_deltanet,85,34.337211,35.896371,0.813437
128,fp16_static_compiled_attn_only_deltanet,86,34.254703,35.582724,0.697969
128,fp16_static_compiled_attn_only_deltanet,87,34.320453,37.833971,1.905875
128,fp16_static_compiled_attn_only_deltanet,88,35.072771,37.576926,1.559584
128,fp16_static_compiled_attn_only_deltanet,89,34.907827,35.38461,0.586332
128,fp16_static_compiled_attn_only_deltanet,90,34.518662,36.142894,1.082293
128,fp16_static_compiled_attn_only_deltanet,91,34.144194,37.328393,1.53822
128,fp16_static_compiled_attn_only_deltanet,92,34.375757,35.116881,0.474595
128,fp16_static_compiled_attn_only_deltanet,93,34.554181,34.761978,0.413895
128,fp16_static_compiled_attn_only_deltanet,94,34.216355,34.619081,0.35648
128,fp16_static_compiled_attn_only_deltanet,95,35.00097,36.275085,0.691082
128,fp16_static_compiled_attn_only_deltanet,96,34.400592,34.840672,0.409588
128,fp16_static_compiled_attn_only_deltanet,97,35.879634,37.069009,1.280352
128,fp16_static_compiled_attn_only_deltanet,98,34.54899,37.484699,1.740145
128,fp16_static_compiled_attn_only_deltanet,99,35.458452,37.616922,1.656272
128,fp16_static_compiled_attn_only_deltanet,100,34.771508,37.896221,1.755301
128,fp16_static_compiled_attn_only_deltanet,101,33.87257,38.057573,2.087253
128,fp16_static_compiled_attn_only_deltanet,102,36.141913,36.998762,0.956399
128,fp16_static_compiled_attn_only_deltanet,103,34.468137,38.196468,1.957482
128,fp16_static_compiled_attn_only_deltanet,104,34.456388,35.239153,0.46022
128,fp16_static_compiled_attn_only_deltanet,105,34.227235,34.984217,0.459047
128,fp16_static_compiled_attn_only_deltanet,106,34.04686,34.774584,0.496677
128,fp16_static_compiled_attn_only_deltanet,107,34.082477,34.895227,0.606496
128,fp16_static_compiled_attn_only_deltanet,108,33.962322,35.101665,0.724402
128,fp16_static_compiled_attn_only_deltanet,109,34.089013,34.254929,0.11357
128,fp16_static_compiled_attn_only_deltanet,110,34.315349,40.178915,2.666084
128,fp16_static_compiled_attn_only_deltanet,111,34.804045,36.370743,1.301178
128,fp16_static_compiled_attn_only_deltanet,112,34.791036,38.841963,2.094612
128,fp16_static_compiled_attn_only_deltanet,113,34.242956,37.150023,1.454727
128,fp16_static_compiled_attn_only_deltanet,114,34.551494,36.402755,1.137139
128,fp16_static_compiled_attn_only_deltanet,115,34.144048,34.897057,0.46903
128,fp16_static_compiled_attn_only_deltanet,116,35.180015,36.85513,1.170882
128,fp16_static_compiled_attn_only_deltanet,117,34.563758,40.884365,3.102462
128,fp16_static_compiled_attn_only_deltanet,118,34.189465,47.380744,6.713326
128,fp16_static_compiled_attn_only_deltanet,119,34.355101,36.332183,1.1344
128,fp16_static_compiled_attn_only_deltanet,120,34.451653,39.505074,2.511427
128,fp16_static_compiled_attn_only_deltanet,121,35.458993,40.391017,2.683321
128,fp16_static_compiled_attn_only_deltanet,122,34.148864,35.118304,0.640527
128,fp16_static_compiled_attn_only_deltanet,123,34.0408,34.254001,0.18708
128,fp16_static_compiled_attn_only_deltanet,124,35.022678,35.971597,0.789891
128,fp16_static_compiled_attn_only_deltanet,125,34.135066,34.836161,0.390345
128,fp16_static_compiled_attn_only_deltanet,126,34.900597,35.971421,0.831956
128,fp16_static_compiled_attn_only_deltanet,127,35.14661,35.712076,0.643118
256,fp16_eager,1,37.808044,41.931713,2.832899
256,fp16_eager,2,37.516495,42.426951,2.949999
256,fp16_eager,3,37.642615,54.286557,8.606302
256,fp16_eager,4,37.705767,47.603248,5.198139
256,fp16_eager,5,37.038688,45.055709,4.075443
256,fp16_eager,6,39.278631,46.932511,3.934537
256,fp16_eager,7,38.087523,41.252355,2.837413
256,fp16_eager,8,38.073763,39.888667,1.768086
256,fp16_eager,9,36.4776,39.577391,1.917675
256,fp16_eager,10,38.257511,41.942051,3.065255
256,fp16_eager,11,37.824946,40.916309,2.588895
256,fp16_eager,12,38.269764,46.731113,5.025922
256,fp16_eager,13,37.651251,43.57841,3.388618
256,fp16_eager,14,40.004409,46.064398,3.97598
256,fp16_eager,15,39.73588,44.110805,3.851737
256,fp16_eager,16,38.136204,49.948186,6.73137
256,fp16_eager,17,39.132615,51.749446,6.880146
256,fp16_eager,18,37.780392,44.391223,3.556166
256,fp16_eager,19,38.677206,50.090471,5.99901
256,fp16_eager,20,37.473629,45.449098,4.258929
256,fp16_eager,21,37.094294,44.473519,3.676479
256,fp16_eager,22,38.76493,42.788294,3.093715
256,fp16_eager,23,37.488774,44.484543,3.986695
256,fp16_eager,24,38.823776,43.534005,2.798563
256,fp16_eager,25,37.675576,43.19415,3.192185
256,fp16_eager,26,36.674107,46.568889,5.021937
256,fp16_eager,27,40.191564,50.352456,6.880354
256,fp16_eager,28,36.592085,39.778603,2.222826
256,fp16_eager,29,38.962237,41.510459,2.465895
256,fp16_eager,30,38.564394,48.871524,5.387479
256,fp16_eager,31,39.368172,41.519149,2.677095
256,fp16_eager,32,37.185916,38.964983,1.84528
256,fp16_eager,33,38.228719,41.898544,2.863512
256,fp16_eager,34,37.32847,44.114963,3.777735
256,fp16_eager,35,38.331547,43.787701,3.51953
256,fp16_eager,36,40.59359,41.14411,2.490891
256,fp16_eager,37,37.656056,39.965635,1.874527
256,fp16_eager,38,38.822957,40.444148,2.452186
256,fp16_eager,39,38.968451,43.411706,3.006848
256,fp16_eager,40,38.058167,40.498092,2.326996
256,fp16_eager,41,39.323006,41.924574,2.508412
256,fp16_eager,42,38.183424,42.606191,2.912277
256,fp16_eager,43,36.771023,40.302373,1.786307
256,fp16_eager,44,39.862116,51.282852,6.221166
256,fp16_eager,45,37.873972,40.896059,2.13378
256,fp16_eager,46,37.834178,45.142131,3.670493
256,fp16_eager,47,39.022094,48.630701,5.28165
256,fp16_eager,48,38.417347,41.323165,1.993137
256,fp16_eager,49,39.745962,44.626092,3.394785
256,fp16_eager,50,40.684551,49.887381,5.887527
256,fp16_eager,51,43.559542,44.752523,3.887678
256,fp16_eager,52,39.022631,42.83694,2.546578
256,fp16_eager,53,37.975151,40.132225,1.730281
256,fp16_eager,54,38.095008,43.062217,3.03324
256,fp16_eager,55,39.288998,40.33408,1.975702
256,fp16_eager,56,37.597741,41.162272,2.045742
256,fp16_eager,57,39.612408,40.532611,1.144413
256,fp16_eager,58,37.254802,40.704892,1.661842
256,fp16_eager,59,38.086103,42.641548,2.421014
256,fp16_eager,60,38.670169,42.03147,2.391125
256,fp16_eager,61,37.807621,39.239554,1.796719
256,fp16_eager,62,38.525522,41.45229,2.555117
256,fp16_eager,63,37.550808,45.309864,4.36135
256,fp16_eager,64,38.594281,40.480139,1.50986
256,fp16_eager,65,37.650948,40.327995,1.433987
256,fp16_eager,66,38.068262,41.039285,1.937249
256,fp16_eager,67,37.503931,40.710982,2.190825
256,fp16_eager,68,37.912182,38.853434,1.404821
256,fp16_eager,69,38.595085,41.795725,2.582257
256,fp16_eager,70,37.42293,45.844414,4.412891
256,fp16_eager,71,37.673462,41.597117,2.251461
256,fp16_eager,72,38.28215,45.234621,3.921356
256,fp16_eager,73,39.149721,42.269532,2.886666
256,fp16_eager,74,37.563134,40.197357,2.011657
256,fp16_eager,75,38.115589,39.128971,1.493357
256,fp16_eager,76,38.481138,41.773595,2.515468
256,fp16_eager,77,39.720198,44.412435,3.658772
256,fp16_eager,78,40.371477,43.247466,3.099431
256,fp16_eager,79,38.639253,40.925432,2.64541
256,fp16_eager,80,38.298602,39.84067,0.85979
256,fp16_eager,81,38.750399,40.708439,2.618393
256,fp16_eager,82,38.817537,40.944213,2.179866
256,fp16_eager,83,37.706014,39.189728,1.615479
256,fp16_eager,84,38.128063,42.379243,3.076391
256,fp16_eager,85,37.999488,40.331007,2.024479
256,fp16_eager,86,37.19044,44.386385,3.766112
256,fp16_eager,87,37.848356,42.865074,3.196601
256,fp16_eager,88,38.067308,39.999176,1.567157
256,fp16_eager,89,37.10017,43.612076,3.442254
256,fp16_eager,90,37.845666,41.849941,2.877287
256,fp16_eager,91,37.098734,44.932377,4.052031
256,fp16_eager,92,37.655187,43.172505,3.308875
256,fp16_eager,93,40.159243,42.520435,1.790869
256,fp16_eager,94,37.912243,41.699447,2.452038
256,fp16_eager,95,39.038573,45.022586,4.142592
256,fp16_eager,96,39.049565,46.770429,4.86661
256,fp16_eager,97,40.821212,42.931493,3.425417
256,fp16_eager,98,38.763171,45.531265,3.675351
256,fp16_eager,99,37.200605,42.181475,3.176377
256,fp16_eager,100,38.495783,42.280654,2.87101
256,fp16_eager,101,39.819025,42.038043,2.942659
256,fp16_eager,102,38.552207,42.353913,3.079945
256,fp16_eager,103,40.490904,42.834545,1.606813
256,fp16_eager,104,38.716788,43.198514,3.272319
256,fp16_eager,105,39.296114,41.031854,2.168118
256,fp16_eager,106,37.651602,39.102446,1.451922
256,fp16_eager,107,43.441924,45.735372,4.108016
256,fp16_eager,108,40.088241,50.093071,5.86626
256,fp16_eager,109,38.686168,42.731652,3.495879
256,fp16_eager,110,39.590859,42.079169,2.872556
256,fp16_eager,111,39.580916,42.315898,2.92177
256,fp16_eager,112,38.921521,41.391959,1.966131
256,fp16_eager,113,38.240368,40.434133,1.925501
256,fp16_eager,114,39.862681,40.656256,1.96125
256,fp16_eager,115,37.700446,41.959132,2.454944
256,fp16_eager,116,38.958028,39.60667,2.052011
256,fp16_eager,117,38.384356,39.08978,2.092383
256,fp16_eager,118,38.004507,40.303372,2.201356
256,fp16_eager,119,39.380167,40.732585,1.902115
256,fp16_eager,120,39.196901,43.331245,3.064324
256,fp16_eager,121,40.750268,44.358741,2.055937
256,fp16_eager,122,39.972732,43.250901,2.181845
256,fp16_eager,123,38.609601,39.34403,1.60501
256,fp16_eager,124,39.174798,40.60681,1.898283
256,fp16_eager,125,39.951462,40.328974,2.349502
256,fp16_eager,126,38.351432,41.014767,2.25201
256,fp16_eager,127,37.766661,39.429451,1.710563
256,fp16_eager,128,39.834795,42.743361,3.429415
256,fp16_eager,129,40.14887,44.313801,3.670353
256,fp16_eager,130,37.282315,47.31934,5.203874
256,fp16_eager,131,38.085878,40.800402,1.572588
256,fp16_eager,132,37.070046,41.880042,2.67568
256,fp16_eager,133,38.401662,40.920215,2.212945
256,fp16_eager,134,39.149743,39.862637,2.322745
256,fp16_eager,135,38.49018,44.392353,3.942309
256,fp16_eager,136,37.502624,42.358914,2.508023
256,fp16_eager,137,38.728548,41.022359,2.443248
256,fp16_eager,138,38.904895,44.46839,3.911862
256,fp16_eager,139,37.822951,41.847229,2.414423
256,fp16_eager,140,39.681733,41.375765,2.641509
256,fp16_eager,141,38.619699,41.881591,2.94569
256,fp16_eager,142,39.948684,42.923199,2.745574
256,fp16_eager,143,39.740211,41.265698,2.415963
256,fp16_eager,144,39.20783,43.330757,3.396161
256,fp16_eager,145,38.208584,41.302209,2.527512
256,fp16_eager,146,38.354366,47.104155,5.344698
256,fp16_eager,147,37.668817,43.297809,3.681855
256,fp16_eager,148,38.428915,40.643586,2.712953
256,fp16_eager,149,40.510404,42.60497,2.756743
256,fp16_eager,150,37.761281,46.540942,4.883659
256,fp16_eager,151,38.883792,42.069806,2.876914
256,fp16_eager,152,38.380184,43.278001,2.756942
256,fp16_eager,153,38.278959,40.028581,1.865758
256,fp16_eager,154,38.966976,40.865748,2.64272
256,fp16_eager,155,38.394704,40.276457,1.846351
256,fp16_eager,156,39.674685,43.336286,3.640936
256,fp16_eager,157,36.986605,45.031219,4.161513
256,fp16_eager,158,40.386076,44.019047,3.25795
256,fp16_eager,159,40.225964,43.653338,3.267194
256,fp16_eager,160,38.913029,43.084534,3.395661
256,fp16_eager,161,38.651361,41.343475,2.894656
256,fp16_eager,162,38.133801,40.602126,2.160356
256,fp16_eager,163,37.886008,42.416103,3.45899
256,fp16_eager,164,38.840192,42.859975,3.223911
256,fp16_eager,165,38.737644,39.996614,2.328464
256,fp16_eager,166,38.117004,39.337024,1.953273
256,fp16_eager,167,39.474903,40.917375,2.677853
256,fp16_eager,168,38.238084,41.105779,2.093203
256,fp16_eager,169,38.139236,41.607962,2.582638
256,fp16_eager,170,38.897377,40.746802,1.634788
256,fp16_eager,171,38.87959,42.194199,2.097877
256,fp16_eager,172,38.621916,41.693255,2.391355
256,fp16_eager,173,38.643084,41.362096,2.544581
256,fp16_eager,174,39.079229,39.86308,1.598394
256,fp16_eager,175,37.305143,43.915321,4.16345
256,fp16_eager,176,38.009068,39.813772,1.767018
256,fp16_eager,177,38.111518,43.034561,3.486926
256,fp16_eager,178,37.567085,43.57012,3.443839
256,fp16_eager,179,40.006301,42.115611,3.226752
256,fp16_eager,180,39.653096,42.844354,3.567091
256,fp16_eager,181,38.549928,40.377003,1.786716
256,fp16_eager,182,38.162994,42.561509,2.855611
256,fp16_eager,183,38.179711,40.909917,2.645766
256,fp16_eager,184,35.887739,41.747475,3.391451
256,fp16_eager,185,37.739863,40.550879,2.282275
256,fp16_eager,186,39.033924,41.823617,2.112584
256,fp16_eager,187,39.306979,52.518418,7.008193
256,fp16_eager,188,40.06691,42.132079,3.152775
256,fp16_eager,189,41.107492,46.20723,4.279459
256,fp16_eager,190,39.216105,42.633622,2.907223
256,fp16_eager,191,39.280361,43.935078,3.453534
256,fp16_eager,192,38.540551,43.409197,3.136367
256,fp16_eager,193,37.628191,40.357629,1.883989
256,fp16_eager,194,37.922077,43.807246,3.321337
256,fp16_eager,195,38.328211,39.26184,1.966252
256,fp16_eager,196,39.170231,40.872927,2.105488
256,fp16_eager,197,38.223443,43.923954,3.440438
256,fp16_eager,198,37.518106,40.080973,2.021653
256,fp16_eager,199,37.991412,43.618632,3.361054
256,fp16_eager,200,39.87458,53.65664,7.24709
256,fp16_eager,201,38.185168,43.06339,2.99069
256,fp16_eager,202,40.822462,43.029568,2.918702
256,fp16_eager,203,37.459897,47.141336,5.045893
256,fp16_eager,204,38.273121,41.554295,2.497035
256,fp16_eager,205,39.053268,43.239381,2.877188
256,fp16_eager,206,38.896538,41.926141,2.59064
256,fp16_eager,207,39.034572,45.473892,4.388572
256,fp16_eager,208,40.477723,46.056065,4.007206
256,fp16_eager,209,40.076102,46.252011,4.537767
256,fp16_eager,210,39.24376,41.126841,2.354574
256,fp16_eager,211,39.389151,39.575252,2.265318
256,fp16_eager,212,37.779621,39.552427,1.865648
256,fp16_eager,213,40.238521,44.991453,3.994176
256,fp16_eager,214,38.535645,40.415399,1.47242
256,fp16_eager,215,37.533812,41.981036,2.546541
256,fp16_eager,216,38.272852,40.114551,2.153464
256,fp16_eager,217,36.961978,43.534807,3.427333
256,fp16_eager,218,37.320188,42.305264,2.528866
256,fp16_eager,219,37.674711,42.722076,2.937632
256,fp16_eager,220,38.057377,44.354531,3.82315
256,fp16_eager,221,38.146858,40.208501,2.288036
256,fp16_eager,222,38.365027,39.818195,2.194408
256,fp16_eager,223,38.313407,40.756508,1.163297
256,fp16_eager,224,38.704185,41.906534,2.627416
256,fp16_eager,225,37.572406,38.883121,1.369998
256,fp16_eager,226,39.149482,41.891655,2.893594
256,fp16_eager,227,37.541863,41.935437,2.579793
256,fp16_eager,228,39.271467,42.129546,1.834556
256,fp16_eager,229,40.158013,45.306563,3.048171
256,fp16_eager,230,37.793808,39.567607,0.879499
256,fp16_eager,231,40.743921,42.184523,2.556223
256,fp16_eager,232,37.054833,40.589574,1.976691
256,fp16_eager,233,37.990268,40.988118,2.011292
256,fp16_eager,234,39.04936,41.729498,2.181642
256,fp16_eager,235,40.181641,42.286023,2.639195
256,fp16_eager,236,38.468909,40.187063,1.661328
256,fp16_eager,237,38.263935,39.730025,1.133939
256,fp16_eager,238,39.947612,41.56564,2.210779
256,fp16_eager,239,39.018632,40.446523,2.070946
256,fp16_eager,240,39.84143,43.780965,2.880727
256,fp16_eager,241,39.407281,42.903659,2.553408
256,fp16_eager,242,40.491552,40.847414,1.573113
256,fp16_eager,243,38.764797,42.353372,2.718761
256,fp16_eager,244,40.702399,42.360805,2.706421
256,fp16_eager,245,39.005055,43.757176,2.677327
256,fp16_eager,246,38.026111,39.910304,0.994844
256,fp16_eager,247,38.896518,41.165369,2.399958
256,fp16_eager,248,40.333994,44.180229,3.205297
256,fp16_eager,249,40.007796,40.813817,2.421722
256,fp16_eager,250,37.536537,47.553492,5.335686
256,fp16_eager,251,38.922532,43.58388,3.087367
256,fp16_eager,252,38.614556,42.402104,2.62537
256,fp16_eager,253,42.333465,46.620303,3.818323
256,fp16_eager,254,40.092287,44.140694,3.572516
256,fp16_eager,255,40.67978,43.971204,3.793614
256,fp16_static_compiled_attn_only,1,39.625571,53.703213,7.054399
256,fp16_static_compiled_attn_only,2,41.183654,43.355516,1.790505
256,fp16_static_compiled_attn_only,3,40.526111,42.059789,1.178579
256,fp16_static_compiled_attn_only,4,39.677765,51.623328,5.895393
256,fp16_static_compiled_attn_only,5,40.393457,57.497173,8.340841
256,fp16_static_compiled_attn_only,6,39.738771,54.664791,7.797412
256,fp16_static_compiled_attn_only,7,44.545556,63.120811,10.199745
256,fp16_static_compiled_attn_only,8,39.856941,44.104846,2.618379
256,fp16_static_compiled_attn_only,9,42.979251,53.172216,5.984849
256,fp16_static_compiled_attn_only,10,43.350821,54.528282,6.748357
256,fp16_static_compiled_attn_only,11,42.990591,57.647997,7.612143
256,fp16_static_compiled_attn_only,12,42.014754,46.846348,3.21747
256,fp16_static_compiled_attn_only,13,41.052326,47.906233,3.679572
256,fp16_static_compiled_attn_only,14,39.55001,41.7183,1.129399
256,fp16_static_compiled_attn_only,15,39.987924,45.887029,3.033787
256,fp16_static_compiled_attn_only,16,39.281278,42.966125,1.918775
256,fp16_static_compiled_attn_only,17,39.974178,40.73641,1.095456
256,fp16_static_compiled_attn_only,18,40.313606,41.30526,0.661112
256,fp16_static_compiled_attn_only,19,39.644339,42.239566,1.710878
256,fp16_static_compiled_attn_only,20,39.742156,42.403735,1.546515
256,fp16_static_compiled_attn_only,21,40.175962,40.759298,0.475717
256,fp16_static_compiled_attn_only,22,40.305984,42.750613,1.628523
256,fp16_static_compiled_attn_only,23,39.008075,39.518726,0.867264
256,fp16_static_compiled_attn_only,24,39.625857,41.542332,1.142592
256,fp16_static_compiled_attn_only,25,39.05007,40.68241,0.738373
256,fp16_static_compiled_attn_only,26,39.526598,41.749508,1.49979
256,fp16_static_compiled_attn_only,27,38.969139,41.61199,1.276255
256,fp16_static_compiled_attn_only,28,40.437049,41.485159,0.998712
256,fp16_static_compiled_attn_only,29,38.85194,42.779623,2.225699
256,fp16_static_compiled_attn_only,30,39.508516,43.675826,2.213862
256,fp16_static_compiled_attn_only,31,40.187177,44.508226,2.14846
256,fp16_static_compiled_attn_only,32,39.631528,41.591988,1.184342
256,fp16_static_compiled_attn_only,33,39.088768,41.288437,1.403136
256,fp16_static_compiled_attn_only,34,39.768489,40.601178,0.452156
256,fp16_static_compiled_attn_only,35,39.27,40.146547,0.902257
256,fp16_static_compiled_attn_only,36,40.118423,41.270384,1.03976
256,fp16_static_compiled_attn_only,37,41.139773,42.318348,1.838726
256,fp16_static_compiled_attn_only,38,40.138106,46.462522,3.385009
256,fp16_static_compiled_attn_only,39,39.282609,41.460395,1.119441
256,fp16_static_compiled_attn_only,40,40.550899,44.714836,2.243707
256,fp16_static_compiled_attn_only,41,40.702757,42.659689,1.623638
256,fp16_static_compiled_attn_only,42,38.915734,39.702393,0.806398
256,fp16_static_compiled_attn_only,43,39.494079,41.999787,1.431188
256,fp16_static_compiled_attn_only,44,41.090305,43.05711,1.856977
256,fp16_static_compiled_attn_only,45,39.648102,44.151181,2.446353
256,fp16_static_compiled_attn_only,46,40.348914,42.534028,1.556501
256,fp16_static_compiled_attn_only,47,40.49971,44.691108,2.564832
256,fp16_static_compiled_attn_only,48,39.317778,45.637301,3.468533
256,fp16_static_compiled_attn_only,49,41.25768,42.461044,1.246888
256,fp16_static_compiled_attn_only,50,40.987468,42.734729,1.621491
256,fp16_static_compiled_attn_only,51,40.429281,41.421349,0.755625
256,fp16_static_compiled_attn_only,52,40.496809,59.36972,9.518069
256,fp16_static_compiled_attn_only,53,39.501727,53.827624,7.11241
256,fp16_static_compiled_attn_only,54,41.937724,57.598873,8.109375
256,fp16_static_compiled_attn_only,55,38.964402,53.22043,6.990491
256,fp16_static_compiled_attn_only,56,40.759576,54.803224,6.951446
256,fp16_static_compiled_attn_only,57,39.136871,47.696583,3.996495
256,fp16_static_compiled_attn_only,58,40.271438,64.154944,10.967256
256,fp16_static_compiled_attn_only,59,45.390375,62.188155,9.733223
256,fp16_static_compiled_attn_only,60,43.556402,63.801766,10.615583
256,fp16_static_compiled_attn_only,61,44.38399,50.672579,4.993393
256,fp16_static_compiled_attn_only,62,44.267185,54.83745,6.541889
256,fp16_static_compiled_attn_only,63,42.472938,50.660264,4.380909
256,fp16_static_compiled_attn_only,64,41.754887,51.620931,5.211734
256,fp16_static_compiled_attn_only,65,40.569799,65.537533,11.463113
256,fp16_static_compiled_attn_only,66,39.185767,59.941434,10.03506
256,fp16_static_compiled_attn_only,67,40.262111,63.585908,11.77386
256,fp16_static_compiled_attn_only,68,40.354577,51.864562,5.805569
256,fp16_static_compiled_attn_only,69,40.613643,41.41332,0.665604
256,fp16_static_compiled_attn_only,70,39.953401,42.536952,1.307906
256,fp16_static_compiled_attn_only,71,40.122487,41.359055,0.989999
256,fp16_static_compiled_attn_only,72,41.118611,43.863572,1.528839
256,fp16_static_compiled_attn_only,73,40.75108,43.03336,1.739786
256,fp16_static_compiled_attn_only,74,41.596323,42.56532,1.566159
256,fp16_static_compiled_attn_only,75,39.601757,44.33072,2.303869
256,fp16_static_compiled_attn_only,76,41.446463,41.78232,0.680187
256,fp16_static_compiled_attn_only,77,40.587378,42.608714,1.961671
256,fp16_static_compiled_attn_only,78,39.479953,42.914807,2.241004
256,fp16_static_compiled_attn_only,79,40.10313,42.095232,1.078502
256,fp16_static_compiled_attn_only,80,39.627521,42.34116,1.650456
256,fp16_static_compiled_attn_only,81,39.159205,44.014645,2.50396
256,fp16_static_compiled_attn_only,82,39.688505,40.09793,0.854141
256,fp16_static_compiled_attn_only,83,40.08804,41.983158,1.096986
256,fp16_static_compiled_attn_only,84,40.496734,41.52262,1.221216
256,fp16_static_compiled_attn_only,85,39.814126,41.53758,1.131793
256,fp16_static_compiled_attn_only,86,39.983109,51.995523,5.907999
256,fp16_static_compiled_attn_only,87,40.756659,49.542928,4.25232
256,fp16_static_compiled_attn_only,88,41.50528,51.957952,5.578898
256,fp16_static_compiled_attn_only,89,40.638722,48.803035,4.349167
256,fp16_static_compiled_attn_only,90,41.767538,47.638248,3.395952
256,fp16_static_compiled_attn_only,91,40.551762,45.898464,2.957804
256,fp16_static_compiled_attn_only,92,40.663542,46.729667,3.260769
256,fp16_static_compiled_attn_only,93,40.138973,42.22634,1.52658
256,fp16_static_compiled_attn_only,94,40.37298,42.304954,0.940468
256,fp16_static_compiled_attn_only,95,39.933041,41.690989,1.190261
256,fp16_static_compiled_attn_only,96,39.182205,40.149145,0.717028
256,fp16_static_compiled_attn_only,97,39.593914,41.42744,1.057129
256,fp16_static_compiled_attn_only,98,40.04252,40.905212,0.841455
256,fp16_static_compiled_attn_only,99,41.37643,42.377482,0.80661
256,fp16_static_compiled_attn_only,100,39.507456,42.675469,1.669769
256,fp16_static_compiled_attn_only,101,39.426064,40.840696,0.905398
256,fp16_static_compiled_attn_only,102,39.334782,39.796403,0.753211
256,fp16_static_compiled_attn_only,103,39.075024,40.232912,0.598628
256,fp16_static_compiled_attn_only,104,39.681288,41.026977,0.878125
256,fp16_static_compiled_attn_only,105,39.555751,40.103832,0.977647
256,fp16_static_compiled_attn_only,106,39.344788,40.677519,1.047282
256,fp16_static_compiled_attn_only,107,38.449168,51.487954,6.168567
256,fp16_static_compiled_attn_only,108,41.232152,44.409965,2.527106
256,fp16_static_compiled_attn_only,109,40.145469,60.502054,9.842799
256,fp16_static_compiled_attn_only,110,43.026279,51.108308,4.233839
256,fp16_static_compiled_attn_only,111,40.622683,56.350872,7.713152
256,fp16_static_compiled_attn_only,112,43.91971,49.41145,4.26205
256,fp16_static_compiled_attn_only,113,41.105522,50.241248,4.534443
256,fp16_static_compiled_attn_only,114,41.675183,54.373582,6.462111
256,fp16_static_compiled_attn_only,115,40.939452,42.650305,1.057978
256,fp16_static_compiled_attn_only,116,40.161349,50.302032,4.80881
256,fp16_static_compiled_attn_only,117,40.656019,52.515895,6.088074
256,fp16_static_compiled_attn_only,118,40.358329,47.532819,4.195896
256,fp16_static_compiled_attn_only,119,39.802044,54.586704,7.411126
256,fp16_static_compiled_attn_only,120,39.725907,54.877402,7.775414
256,fp16_static_compiled_attn_only,121,40.460963,59.791721,9.664962
256,fp16_static_compiled_attn_only,122,41.189752,46.483953,2.971002
256,fp16_static_compiled_attn_only,123,40.460832,41.005428,0.624667
256,fp16_static_compiled_attn_only,124,41.544623,42.479345,1.389138
256,fp16_static_compiled_attn_only,125,40.654023,41.951973,1.310475
256,fp16_static_compiled_attn_only,126,38.383252,43.731679,2.475896
256,fp16_static_compiled_attn_only,127,39.322676,40.418088,0.805923
256,fp16_static_compiled_attn_only,128,39.134133,41.080023,1.01178
256,fp16_static_compiled_attn_only,129,40.380722,40.94205,1.295306
256,fp16_static_compiled_attn_only,130,40.120957,43.717445,1.909047
256,fp16_static_compiled_attn_only,131,40.165914,40.481382,0.410041
256,fp16_static_compiled_attn_only,132,39.893238,41.391779,1.152335
256,fp16_static_compiled_attn_only,133,39.752084,41.589025,1.230094
256,fp16_static_compiled_attn_only,134,39.896206,40.361188,0.400703
256,fp16_static_compiled_attn_only,135,43.784253,52.638478,5.5157
256,fp16_static_compiled_attn_only,136,39.970293,54.475194,7.342327
256,fp16_static_compiled_attn_only,137,39.006914,53.936081,7.181561
256,fp16_static_compiled_attn_only,138,39.904351,41.060656,0.63661
256,fp16_static_compiled_attn_only,139,38.971769,41.658233,1.427014
256,fp16_static_compiled_attn_only,140,40.545704,43.859215,2.104497
256,fp16_static_compiled_attn_only,141,40.683532,46.76083,3.547053
256,fp16_static_compiled_attn_only,142,40.99818,44.658651,1.893514
256,fp16_static_compiled_attn_only,143,42.616649,46.801474,3.589057
256,fp16_static_compiled_attn_only,144,44.306134,46.82234,2.509592
256,fp16_static_compiled_attn_only,145,41.835416,45.62879,2.800424
256,fp16_static_compiled_attn_only,146,39.91764,41.302365,0.87417
256,fp16_static_compiled_attn_only,147,40.361711,42.860453,1.965789
256,fp16_static_compiled_attn_only,148,38.105736,43.221948,2.514598
256,fp16_static_compiled_attn_only,149,39.150025,42.024425,1.578365
256,fp16_static_compiled_attn_only,150,39.881675,42.608062,1.603904
256,fp16_static_compiled_attn_only,151,39.002988,43.421257,2.218936
256,fp16_static_compiled_attn_only,152,38.782148,40.94249,1.123892
256,fp16_static_compiled_attn_only,153,38.917486,43.282958,2.303125
256,fp16_static_compiled_attn_only,154,39.232452,42.349268,1.884185
256,fp16_static_compiled_attn_only,155,39.10204,41.25016,1.427473
256,fp16_static_compiled_attn_only,156,39.267765,42.101945,1.469856
256,fp16_static_compiled_attn_only,157,38.849785,44.833959,2.898253
256,fp16_static_compiled_attn_only,158,39.880941,42.918059,1.495354
256,fp16_static_compiled_attn_only,159,39.303616,42.688682,1.848199
256,fp16_static_compiled_attn_only,160,39.555027,42.150457,1.718728
256,fp16_static_compiled_attn_only,161,40.92156,41.59687,1.204968
256,fp16_static_compiled_attn_only,162,42.243464,48.80061,3.808018
256,fp16_static_compiled_attn_only,163,40.879526,41.948983,1.019467
256,fp16_static_compiled_attn_only,164,41.826892,43.129652,1.587996
256,fp16_static_compiled_attn_only,165,39.721913,47.054685,3.797842
256,fp16_static_compiled_attn_only,166,41.455138,42.686056,0.917578
256,fp16_static_compiled_attn_only,167,42.360004,50.988102,5.043811
256,fp16_static_compiled_attn_only,168,40.984823,43.304378,1.147396
256,fp16_static_compiled_attn_only,169,40.528011,42.945396,1.404435
256,fp16_static_compiled_attn_only,170,42.728458,44.552286,2.233019
256,fp16_static_compiled_attn_only,171,41.061962,47.402531,3.159191
256,fp16_static_compiled_attn_only,172,40.642001,46.073918,3.004408
256,fp16_static_compiled_attn_only,173,40.339816,43.711187,2.301409
256,fp16_static_compiled_attn_only,174,40.178074,41.320906,1.296674
256,fp16_static_compiled_attn_only,175,38.679361,42.882343,2.156817
256,fp16_static_compiled_attn_only,176,40.128505,41.92419,1.645869
256,fp16_static_compiled_attn_only,177,39.653933,40.202624,0.4997
256,fp16_static_compiled_attn_only,178,40.050168,44.730112,2.321123
256,fp16_static_compiled_attn_only,179,40.043231,41.373487,1.250173
256,fp16_static_compiled_attn_only,180,40.426748,42.182669,1.285998
256,fp16_static_compiled_attn_only,181,40.230861,40.608595,0.586576
256,fp16_static_compiled_attn_only,182,40.33678,44.910501,2.595286
256,fp16_static_compiled_attn_only,183,39.383342,47.174304,3.600333
256,fp16_static_compiled_attn_only,184,39.684328,42.268663,1.575589
256,fp16_static_compiled_attn_only,185,39.403379,41.153392,0.943216
256,fp16_static_compiled_attn_only,186,40.687333,41.541448,0.7903
256,fp16_static_compiled_attn_only,187,39.602975,41.589142,0.937705
256,fp16_static_compiled_attn_only,188,41.917063,43.117994,1.546977
256,fp16_static_compiled_attn_only,189,42.591745,45.083494,2.385206
256,fp16_static_compiled_attn_only,190,40.947662,46.398083,3.229453
256,fp16_static_compiled_attn_only,191,40.220585,41.210222,1.238032
256,fp16_static_compiled_attn_only,192,40.587618,43.355425,1.688627
256,fp16_static_compiled_attn_only,193,40.309234,46.653472,3.002135
256,fp16_static_compiled_attn_only,194,40.211999,42.32742,1.170417
256,fp16_static_compiled_attn_only,195,40.808666,41.746124,1.052262
256,fp16_static_compiled_attn_only,196,41.751322,41.913546,1.185689
256,fp16_static_compiled_attn_only,197,41.165621,44.581466,2.105528
256,fp16_static_compiled_attn_only,198,40.496108,43.069538,2.144561
256,fp16_static_compiled_attn_only,199,39.732515,42.727257,1.511804
256,fp16_static_compiled_attn_only,200,39.244343,43.676939,2.234836
256,fp16_static_compiled_attn_only,201,40.797984,40.977853,1.008361
256,fp16_static_compiled_attn_only,202,40.193084,41.269928,1.011755
256,fp16_static_compiled_attn_only,203,40.966541,43.002062,1.462455
256,fp16_static_compiled_attn_only,204,40.803743,42.292674,1.483798
256,fp16_static_compiled_attn_only,205,40.020409,41.364959,1.288319
256,fp16_static_compiled_attn_only,206,41.320482,45.256041,2.011588
256,fp16_static_compiled_attn_only,207,39.526458,42.334087,1.357636
256,fp16_static_compiled_attn_only,208,40.796109,40.969671,0.612349
256,fp16_static_compiled_attn_only,209,39.814881,43.556197,2.079392
256,fp16_static_compiled_attn_only,210,41.26505,42.246845,1.245599
256,fp16_static_compiled_attn_only,211,40.218331,43.323309,1.829675
256,fp16_static_compiled_attn_only,212,39.819625,44.399642,2.503038
256,fp16_static_compiled_attn_only,213,42.922485,43.114378,1.927366
256,fp16_static_compiled_attn_only,214,43.045749,54.641872,6.557405
256,fp16_static_compiled_attn_only,215,40.029663,49.313382,4.650443
256,fp16_static_compiled_attn_only,216,41.789652,54.440982,6.503122
256,fp16_static_compiled_attn_only,217,40.306367,45.874225,3.304936
256,fp16_static_compiled_attn_only,218,40.50363,41.198974,0.926875
256,fp16_static_compiled_attn_only,219,40.581446,43.867702,1.919259
256,fp16_static_compiled_attn_only,220,40.642288,42.767596,1.650392
256,fp16_static_compiled_attn_only,221,39.663641,41.007596,0.981809
256,fp16_static_compiled_attn_only,222,38.526177,40.718121,1.1314
256,fp16_static_compiled_attn_only,223,38.762669,41.111896,1.407842
256,fp16_static_compiled_attn_only,224,38.716923,46.674532,3.751327
256,fp16_static_compiled_attn_only,225,40.643567,42.447105,1.641867
256,fp16_static_compiled_attn_only,226,39.065803,40.465131,1.114218
256,fp16_static_compiled_attn_only,227,40.705826,46.465073,3.466981
256,fp16_static_compiled_attn_only,228,40.256797,45.90697,2.741756
256,fp16_static_compiled_attn_only,229,39.661249,55.111699,7.903372
256,fp16_static_compiled_attn_only,230,39.728123,44.579215,2.209573
256,fp16_static_compiled_attn_only,231,40.822358,48.508072,4.033686
256,fp16_static_compiled_attn_only,232,39.356806,41.562574,1.475307
256,fp16_static_compiled_attn_only,233,40.034541,40.447254,0.82329
256,fp16_static_compiled_attn_only,234,40.456758,42.177166,1.66106
256,fp16_static_compiled_attn_only,235,39.5268,41.552256,0.978294
256,fp16_static_compiled_attn_only,236,40.068537,41.225245,0.578893
256,fp16_static_compiled_attn_only,237,43.86984,50.253393,4.787732
256,fp16_static_compiled_attn_only,238,43.022232,50.779321,5.104974
256,fp16_static_compiled_attn_only,239,39.008934,44.417967,2.709712
256,fp16_static_compiled_attn_only,240,39.07789,52.965556,6.540485
256,fp16_static_compiled_attn_only,241,39.481401,40.668832,0.992732
256,fp16_static_compiled_attn_only,242,39.422374,42.3688,1.800465
256,fp16_static_compiled_attn_only,243,39.483535,46.290795,3.161425
256,fp16_static_compiled_attn_only,244,39.265876,42.196987,1.662747
256,fp16_static_compiled_attn_only,245,39.710965,58.192684,9.324244
256,fp16_static_compiled_attn_only,246,39.54601,46.182644,3.278081
256,fp16_static_compiled_attn_only,247,46.126375,50.116268,4.529564
256,fp16_static_compiled_attn_only,248,39.451172,54.802522,6.906744
256,fp16_static_compiled_attn_only,249,39.585317,52.85967,6.563855
256,fp16_static_compiled_attn_only,250,41.842079,51.37996,5.43614
256,fp16_static_compiled_attn_only,251,38.418713,41.921904,1.723668
256,fp16_static_compiled_attn_only,252,38.919195,39.455695,0.723093
256,fp16_static_compiled_attn_only,253,39.014376,40.647324,0.831043
256,fp16_static_compiled_attn_only,254,39.178908,40.523147,0.972042
256,fp16_static_compiled_attn_only,255,38.372327,41.29536,1.756183
256,fp16_static_compiled_attn_only_deltanet,1,35.790088,38.671999,1.487499
256,fp16_static_compiled_attn_only_deltanet,2,38.288893,39.798454,1.605661
256,fp16_static_compiled_attn_only_deltanet,3,36.485289,37.909602,0.687117
256,fp16_static_compiled_attn_only_deltanet,4,36.692394,38.554517,1.530534
256,fp16_static_compiled_attn_only_deltanet,5,35.87704,37.697605,1.137421
256,fp16_static_compiled_attn_only_deltanet,6,37.02323,39.274077,1.839812
256,fp16_static_compiled_attn_only_deltanet,7,37.253481,37.732177,0.910885
256,fp16_static_compiled_attn_only_deltanet,8,36.798046,37.518041,0.425503
256,fp16_static_compiled_attn_only_deltanet,9,37.800735,40.07763,1.57381
256,fp16_static_compiled_attn_only_deltanet,10,37.631934,42.760175,2.893587
256,fp16_static_compiled_attn_only_deltanet,11,37.002816,48.434744,5.473474
256,fp16_static_compiled_attn_only_deltanet,12,36.890104,40.666844,1.931058
256,fp16_static_compiled_attn_only_deltanet,13,37.334023,40.228969,1.414386
256,fp16_static_compiled_attn_only_deltanet,14,37.8674,40.977345,1.898567
256,fp16_static_compiled_attn_only_deltanet,15,37.77337,42.582393,2.876388
256,fp16_static_compiled_attn_only_deltanet,16,36.217412,46.976697,5.38029
256,fp16_static_compiled_attn_only_deltanet,17,37.169971,38.520374,1.158443
256,fp16_static_compiled_attn_only_deltanet,18,37.051742,39.376311,1.573585
256,fp16_static_compiled_attn_only_deltanet,19,36.848156,41.646865,2.237428
256,fp16_static_compiled_attn_only_deltanet,20,37.704863,43.07263,2.737545
256,fp16_static_compiled_attn_only_deltanet,21,37.495827,41.895189,2.211223
256,fp16_static_compiled_attn_only_deltanet,22,37.918896,41.065605,1.903625
256,fp16_static_compiled_attn_only_deltanet,23,37.170013,43.615971,3.210066
256,fp16_static_compiled_attn_only_deltanet,24,37.410223,42.074379,2.626609
256,fp16_static_compiled_attn_only_deltanet,25,39.39732,48.979968,4.667501
256,fp16_static_compiled_attn_only_deltanet,26,37.076548,51.249196,6.54022
256,fp16_static_compiled_attn_only_deltanet,27,36.680574,42.191689,3.063342
256,fp16_static_compiled_attn_only_deltanet,28,36.57252,42.085237,3.130703
256,fp16_static_compiled_attn_only_deltanet,29,36.236183,45.337247,4.897139
256,fp16_static_compiled_attn_only_deltanet,30,36.735215,39.482425,2.01112
256,fp16_static_compiled_attn_only_deltanet,31,39.341513,39.666899,1.426761
256,fp16_static_compiled_attn_only_deltanet,32,37.463993,38.864163,1.021694
256,fp16_static_compiled_attn_only_deltanet,33,37.757501,39.311044,1.187317
256,fp16_static_compiled_attn_only_deltanet,34,37.018393,44.137032,3.73121
256,fp16_static_compiled_attn_only_deltanet,35,36.907863,42.301516,2.783915
256,fp16_static_compiled_attn_only_deltanet,36,36.309547,44.40868,4.00255
256,fp16_static_compiled_attn_only_deltanet,37,37.040505,39.717076,1.457174
256,fp16_static_compiled_attn_only_deltanet,38,36.637056,38.924773,1.33369
256,fp16_static_compiled_attn_only_deltanet,39,36.750225,38.270195,1.132168
256,fp16_static_compiled_attn_only_deltanet,40,36.376132,42.073228,2.875819
256,fp16_static_compiled_attn_only_deltanet,41,35.909708,43.53639,3.912498
256,fp16_static_compiled_attn_only_deltanet,42,35.960071,39.217918,1.937861
256,fp16_static_compiled_attn_only_deltanet,43,36.01277,39.001587,1.5812
256,fp16_static_compiled_attn_only_deltanet,44,36.876073,37.303205,0.762846
256,fp16_static_compiled_attn_only_deltanet,45,36.656396,42.184295,2.941664
256,fp16_static_compiled_attn_only_deltanet,46,36.344166,38.834961,1.60174
256,fp16_static_compiled_attn_only_deltanet,47,36.45666,38.960104,1.381015
256,fp16_static_compiled_attn_only_deltanet,48,36.035246,39.305841,2.155131
256,fp16_static_compiled_attn_only_deltanet,49,36.295101,36.522801,0.175211
256,fp16_static_compiled_attn_only_deltanet,50,37.04726,37.818395,0.846075
256,fp16_static_compiled_attn_only_deltanet,51,35.736385,41.719569,2.756951
256,fp16_static_compiled_attn_only_deltanet,52,39.106438,39.549434,1.077625
256,fp16_static_compiled_attn_only_deltanet,53,36.777344,37.615817,0.626243
256,fp16_static_compiled_attn_only_deltanet,54,35.881525,37.518473,0.852104
256,fp16_static_compiled_attn_only_deltanet,55,37.784887,38.898442,1.552861
256,fp16_static_compiled_attn_only_deltanet,56,37.212147,41.162209,2.571615
256,fp16_static_compiled_attn_only_deltanet,57,38.674424,40.55209,2.136815
256,fp16_static_compiled_attn_only_deltanet,58,36.548388,38.048624,1.032223
256,fp16_static_compiled_attn_only_deltanet,59,36.441935,38.930844,1.684443
256,fp16_static_compiled_attn_only_deltanet,60,36.07195,38.725577,1.719884
256,fp16_static_compiled_attn_only_deltanet,61,36.506276,39.052158,1.463633
256,fp16_static_compiled_attn_only_deltanet,62,36.218545,38.949149,1.515134
256,fp16_static_compiled_attn_only_deltanet,63,36.181632,38.743561,1.395676
256,fp16_static_compiled_attn_only_deltanet,64,36.993282,36.995332,0.795597
256,fp16_static_compiled_attn_only_deltanet,65,37.226509,37.97947,1.185412
256,fp16_static_compiled_attn_only_deltanet,66,36.057572,38.998781,1.562682
256,fp16_static_compiled_attn_only_deltanet,67,37.589133,40.520867,1.736472
256,fp16_static_compiled_attn_only_deltanet,68,36.733993,38.596862,1.267823
256,fp16_static_compiled_attn_only_deltanet,69,36.505103,38.167603,0.973631
256,fp16_static_compiled_attn_only_deltanet,70,37.802897,40.963682,2.122878
256,fp16_static_compiled_attn_only_deltanet,71,39.293209,40.380441,1.500689
256,fp16_static_compiled_attn_only_deltanet,72,38.30893,39.48131,1.498208
256,fp16_static_compiled_attn_only_deltanet,73,37.253152,40.67145,1.723814
256,fp16_static_compiled_attn_only_deltanet,74,36.872287,39.369008,1.620486
256,fp16_static_compiled_attn_only_deltanet,75,39.104299,40.058035,1.745699
256,fp16_static_compiled_attn_only_deltanet,76,38.452376,40.337536,2.180911
256,fp16_static_compiled_attn_only_deltanet,77,36.748296,37.687449,1.068567
256,fp16_static_compiled_attn_only_deltanet,78,35.846415,36.263382,0.759514
256,fp16_static_compiled_attn_only_deltanet,79,36.434111,36.742009,0.579581
256,fp16_static_compiled_attn_only_deltanet,80,36.26826,40.627182,2.221418
256,fp16_static_compiled_attn_only_deltanet,81,36.449055,38.143509,1.268757
256,fp16_static_compiled_attn_only_deltanet,82,38.635679,39.8246,1.894332
256,fp16_static_compiled_attn_only_deltanet,83,37.425876,38.663951,1.63674
256,fp16_static_compiled_attn_only_deltanet,84,36.443532,36.818636,0.545217
256,fp16_static_compiled_attn_only_deltanet,85,37.48861,39.150831,1.851175
256,fp16_static_compiled_attn_only_deltanet,86,36.379597,42.184757,2.76637
256,fp16_static_compiled_attn_only_deltanet,87,36.085221,36.61619,0.600872
256,fp16_static_compiled_attn_only_deltanet,88,36.087967,39.065228,1.760309
256,fp16_static_compiled_attn_only_deltanet,89,36.825523,41.066509,2.26134
256,fp16_static_compiled_attn_only_deltanet,90,36.404865,41.317162,2.308058
256,fp16_static_compiled_attn_only_deltanet,91,36.797864,37.890959,0.852545
256,fp16_static_compiled_attn_only_deltanet,92,37.250461,39.95627,1.584714
256,fp16_static_compiled_attn_only_deltanet,93,36.661058,37.109681,0.721152
256,fp16_static_compiled_attn_only_deltanet,94,36.186918,37.178596,1.023104
256,fp16_static_compiled_attn_only_deltanet,95,37.707311,48.233823,5.801641
256,fp16_static_compiled_attn_only_deltanet,96,35.258997,36.793788,0.87077
256,fp16_static_compiled_attn_only_deltanet,97,36.324077,36.545589,0.706624
256,fp16_static_compiled_attn_only_deltanet,98,36.408932,37.221201,0.627125
256,fp16_static_compiled_attn_only_deltanet,99,37.053316,37.401411,0.921455
256,fp16_static_compiled_attn_only_deltanet,100,35.740361,37.132382,0.839384
256,fp16_static_compiled_attn_only_deltanet,101,36.160082,38.963671,1.40955
256,fp16_static_compiled_attn_only_deltanet,102,36.958145,38.90819,1.369803
256,fp16_static_compiled_attn_only_deltanet,103,36.713172,38.496652,1.844322
256,fp16_static_compiled_attn_only_deltanet,104,37.303149,38.028984,1.171628
256,fp16_static_compiled_attn_only_deltanet,105,36.179591,38.154876,1.049451
256,fp16_static_compiled_attn_only_deltanet,106,36.864753,40.451647,2.221771
256,fp16_static_compiled_attn_only_deltanet,107,37.095594,39.28905,1.419587
256,fp16_static_compiled_attn_only_deltanet,108,37.0918,39.441128,1.277042
256,fp16_static_compiled_attn_only_deltanet,109,36.148553,41.355782,2.575056
256,fp16_static_compiled_attn_only_deltanet,110,37.171341,39.623415,1.30012
256,fp16_static_compiled_attn_only_deltanet,111,37.338198,40.64609,1.792836
256,fp16_static_compiled_attn_only_deltanet,112,38.022922,42.165422,2.516466
256,fp16_static_compiled_attn_only_deltanet,113,38.482078,39.072222,1.075844
256,fp16_static_compiled_attn_only_deltanet,114,36.895417,38.711311,1.272938
256,fp16_static_compiled_attn_only_deltanet,115,36.473276,39.626787,1.47605
256,fp16_static_compiled_attn_only_deltanet,116,36.735059,37.265341,0.65686
256,fp16_static_compiled_attn_only_deltanet,117,37.177994,39.053965,1.649947
256,fp16_static_compiled_attn_only_deltanet,118,36.845649,39.913962,1.95793
256,fp16_static_compiled_attn_only_deltanet,119,38.058729,43.748726,3.259475
256,fp16_static_compiled_attn_only_deltanet,120,36.702716,40.40658,1.913111
256,fp16_static_compiled_attn_only_deltanet,121,41.677556,43.855096,3.133026
256,fp16_static_compiled_attn_only_deltanet,122,37.698254,39.115128,1.529187
256,fp16_static_compiled_attn_only_deltanet,123,36.656652,38.383119,1.286155
256,fp16_static_compiled_attn_only_deltanet,124,37.524877,39.381737,1.542281
256,fp16_static_compiled_attn_only_deltanet,125,36.641022,38.96495,1.548392
256,fp16_static_compiled_attn_only_deltanet,126,36.446699,38.530651,1.316866
256,fp16_static_compiled_attn_only_deltanet,127,36.307721,36.709664,0.502884
256,fp16_static_compiled_attn_only_deltanet,128,37.257869,39.881854,1.498203
256,fp16_static_compiled_attn_only_deltanet,129,36.393674,39.60678,1.700819
256,fp16_static_compiled_attn_only_deltanet,130,37.446758,41.221021,2.503601
256,fp16_static_compiled_attn_only_deltanet,131,38.616033,41.027623,1.625352
256,fp16_static_compiled_attn_only_deltanet,132,36.863777,38.798884,1.225513
256,fp16_static_compiled_attn_only_deltanet,133,36.98738,41.519271,2.392827
256,fp16_static_compiled_attn_only_deltanet,134,38.39306,39.273441,1.571414
256,fp16_static_compiled_attn_only_deltanet,135,36.959278,41.772872,2.457459
256,fp16_static_compiled_attn_only_deltanet,136,39.390176,43.098575,2.909146
256,fp16_static_compiled_attn_only_deltanet,137,36.581218,45.278422,4.177068
256,fp16_static_compiled_attn_only_deltanet,138,35.943141,37.99145,1.072429
256,fp16_static_compiled_attn_only_deltanet,139,37.164714,38.2411,0.762995
256,fp16_static_compiled_attn_only_deltanet,140,37.71714,44.22818,3.281056
256,fp16_static_compiled_attn_only_deltanet,141,36.672199,37.889408,0.890454
256,fp16_static_compiled_attn_only_deltanet,142,38.17833,40.368678,1.644653
256,fp16_static_compiled_attn_only_deltanet,143,36.665592,38.006999,0.768432
256,fp16_static_compiled_attn_only_deltanet,144,37.322706,39.417441,1.20215
256,fp16_static_compiled_attn_only_deltanet,145,37.53757,40.12943,1.61925
256,fp16_static_compiled_attn_only_deltanet,146,37.597833,40.051617,1.434349
256,fp16_static_compiled_attn_only_deltanet,147,36.190097,37.764261,1.050509
256,fp16_static_compiled_attn_only_deltanet,148,36.062247,38.349514,1.363596
256,fp16_static_compiled_attn_only_deltanet,149,37.670981,38.456268,1.204154
256,fp16_static_compiled_attn_only_deltanet,150,36.332726,37.435721,0.746224
256,fp16_static_compiled_attn_only_deltanet,151,36.50198,37.130901,0.800251
256,fp16_static_compiled_attn_only_deltanet,152,36.781148,38.766365,1.228028
256,fp16_static_compiled_attn_only_deltanet,153,36.422469,38.160837,0.904498
256,fp16_static_compiled_attn_only_deltanet,154,37.025609,37.277611,0.56823
256,fp16_static_compiled_attn_only_deltanet,155,36.269163,39.307012,1.56621
256,fp16_static_compiled_attn_only_deltanet,156,37.084423,38.817712,0.89934
256,fp16_static_compiled_attn_only_deltanet,157,36.698912,37.195387,0.613553
256,fp16_static_compiled_attn_only_deltanet,158,36.320225,38.338481,1.173923
256,fp16_static_compiled_attn_only_deltanet,159,37.105336,37.914534,0.816791
256,fp16_static_compiled_attn_only_deltanet,160,37.683976,42.02058,2.130991
256,fp16_static_compiled_attn_only_deltanet,161,39.42169,40.597043,1.615291
256,fp16_static_compiled_attn_only_deltanet,162,37.488308,44.480656,3.687089
256,fp16_static_compiled_attn_only_deltanet,163,36.895694,37.518354,0.40731
256,fp16_static_compiled_attn_only_deltanet,164,37.025213,37.927497,0.906342
256,fp16_static_compiled_attn_only_deltanet,165,37.401146,41.379926,2.335308
256,fp16_static_compiled_attn_only_deltanet,166,39.834186,40.933436,2.243235
256,fp16_static_compiled_attn_only_deltanet,167,36.615437,39.54872,1.619313
256,fp16_static_compiled_attn_only_deltanet,168,37.471622,38.548184,0.73952
256,fp16_static_compiled_attn_only_deltanet,169,36.633341,37.879619,1.003387
256,fp16_static_compiled_attn_only_deltanet,170,37.527106,42.250748,2.527056
256,fp16_static_compiled_attn_only_deltanet,171,38.262981,42.426016,2.483588
256,fp16_static_compiled_attn_only_deltanet,172,36.649498,43.037971,3.553456
256,fp16_static_compiled_attn_only_deltanet,173,36.906365,41.836784,2.838112
256,fp16_static_compiled_attn_only_deltanet,174,36.08656,37.231859,0.756954
256,fp16_static_compiled_attn_only_deltanet,175,36.59571,36.904092,0.304889
256,fp16_static_compiled_attn_only_deltanet,176,36.034816,37.411572,0.90462
256,fp16_static_compiled_attn_only_deltanet,177,36.811912,37.612203,1.074303
256,fp16_static_compiled_attn_only_deltanet,178,36.036041,39.066625,1.721915
256,fp16_static_compiled_attn_only_deltanet,179,36.295213,40.869031,2.396556
256,fp16_static_compiled_attn_only_deltanet,180,37.356943,39.069134,1.1122
256,fp16_static_compiled_attn_only_deltanet,181,36.244364,37.753102,0.917236
256,fp16_static_compiled_attn_only_deltanet,182,36.847427,37.217877,0.843495
256,fp16_static_compiled_attn_only_deltanet,183,36.857952,37.797368,0.820874
256,fp16_static_compiled_attn_only_deltanet,184,38.370844,39.747931,2.107883
256,fp16_static_compiled_attn_only_deltanet,185,36.969057,39.890443,1.987555
256,fp16_static_compiled_attn_only_deltanet,186,37.526089,41.814761,2.658175
256,fp16_static_compiled_attn_only_deltanet,187,36.597232,37.734598,1.192093
256,fp16_static_compiled_attn_only_deltanet,188,37.253165,39.286216,1.433813
256,fp16_static_compiled_attn_only_deltanet,189,36.300926,37.900868,0.925316
256,fp16_static_compiled_attn_only_deltanet,190,36.858099,37.428748,0.917986
256,fp16_static_compiled_attn_only_deltanet,191,36.31198,37.400849,0.671347
256,fp16_static_compiled_attn_only_deltanet,192,36.318044,39.968776,2.014732
256,fp16_static_compiled_attn_only_deltanet,193,36.311103,38.787487,1.414456
256,fp16_static_compiled_attn_only_deltanet,194,35.901751,37.053746,0.813506
256,fp16_static_compiled_attn_only_deltanet,195,36.34989,39.356431,1.680064
256,fp16_static_compiled_attn_only_deltanet,196,37.138791,40.013795,1.611242
256,fp16_static_compiled_attn_only_deltanet,197,36.021094,37.174321,1.044886
256,fp16_static_compiled_attn_only_deltanet,198,36.429159,39.782123,1.907351
256,fp16_static_compiled_attn_only_deltanet,199,36.072411,39.746675,1.935872
256,fp16_static_compiled_attn_only_deltanet,200,35.765216,38.293572,1.633136
256,fp16_static_compiled_attn_only_deltanet,201,35.985981,36.772359,0.743542
256,fp16_static_compiled_attn_only_deltanet,202,37.229188,38.366786,1.464784
256,fp16_static_compiled_attn_only_deltanet,203,35.670136,41.33048,2.86352
256,fp16_static_compiled_attn_only_deltanet,204,38.820356,50.627686,6.235059
256,fp16_static_compiled_attn_only_deltanet,205,37.532507,52.331432,7.619991
256,fp16_static_compiled_attn_only_deltanet,206,37.073997,44.211561,3.333427
256,fp16_static_compiled_attn_only_deltanet,207,37.044881,41.42708,2.199748
256,fp16_static_compiled_attn_only_deltanet,208,36.397606,39.289182,1.587863
256,fp16_static_compiled_attn_only_deltanet,209,38.568714,40.408437,1.670503
256,fp16_static_compiled_attn_only_deltanet,210,35.921298,39.353587,1.738228
256,fp16_static_compiled_attn_only_deltanet,211,37.804391,38.625471,1.369554
256,fp16_static_compiled_attn_only_deltanet,212,36.778313,39.440184,1.75684
256,fp16_static_compiled_attn_only_deltanet,213,36.98545,38.788341,1.47224
256,fp16_static_compiled_attn_only_deltanet,214,36.74023,39.960734,2.032831
256,fp16_static_compiled_attn_only_deltanet,215,35.790818,40.655365,2.521667
256,fp16_static_compiled_attn_only_deltanet,216,36.782617,38.021753,1.020587
256,fp16_static_compiled_attn_only_deltanet,217,36.91423,38.248357,0.922822
256,fp16_static_compiled_attn_only_deltanet,218,36.65819,38.804881,1.44953
256,fp16_static_compiled_attn_only_deltanet,219,36.290924,41.809106,2.691142
256,fp16_static_compiled_attn_only_deltanet,220,38.097656,42.274744,2.573388
256,fp16_static_compiled_attn_only_deltanet,221,37.154086,39.454188,1.705523
256,fp16_static_compiled_attn_only_deltanet,222,38.223675,40.482394,1.575951
256,fp16_static_compiled_attn_only_deltanet,223,37.156197,47.06582,5.286434
256,fp16_static_compiled_attn_only_deltanet,224,36.752705,41.903805,2.303015
256,fp16_static_compiled_attn_only_deltanet,225,36.367921,38.678233,1.267212
256,fp16_static_compiled_attn_only_deltanet,226,36.792902,43.014712,3.308302
256,fp16_static_compiled_attn_only_deltanet,227,36.988684,45.815671,4.558058
256,fp16_static_compiled_attn_only_deltanet,228,36.370164,37.73243,0.791758
256,fp16_static_compiled_attn_only_deltanet,229,36.617318,38.575523,1.275614
256,fp16_static_compiled_attn_only_deltanet,230,37.183609,38.414594,1.033314
256,fp16_static_compiled_attn_only_deltanet,231,35.667343,37.947302,1.15406
256,fp16_static_compiled_attn_only_deltanet,232,35.997115,39.432507,2.085268
256,fp16_static_compiled_attn_only_deltanet,233,38.791582,52.654018,7.357448
256,fp16_static_compiled_attn_only_deltanet,234,36.818567,46.360616,4.610875
256,fp16_static_compiled_attn_only_deltanet,235,36.890413,44.057961,3.590129
256,fp16_static_compiled_attn_only_deltanet,236,40.153011,42.187645,2.942876
256,fp16_static_compiled_attn_only_deltanet,237,36.965029,53.946394,8.629189
256,fp16_static_compiled_attn_only_deltanet,238,37.516592,37.952927,1.307515
256,fp16_static_compiled_attn_only_deltanet,239,37.749533,43.559078,3.371072
256,fp16_static_compiled_attn_only_deltanet,240,36.937297,39.143852,1.622949
256,fp16_static_compiled_attn_only_deltanet,241,36.537664,43.152442,3.42571
256,fp16_static_compiled_attn_only_deltanet,242,36.602688,39.976561,2.080081
256,fp16_static_compiled_attn_only_deltanet,243,36.664883,37.487445,1.037065
256,fp16_static_compiled_attn_only_deltanet,244,38.04938,38.556381,0.626988
256,fp16_static_compiled_attn_only_deltanet,245,36.016351,36.810633,0.967943
256,fp16_static_compiled_attn_only_deltanet,246,36.013856,37.269861,1.006071
256,fp16_static_compiled_attn_only_deltanet,247,36.386175,37.670842,0.816448
256,fp16_static_compiled_attn_only_deltanet,248,36.943171,38.420091,1.197456
256,fp16_static_compiled_attn_only_deltanet,249,37.461795,38.617504,2.123052
256,fp16_static_compiled_attn_only_deltanet,250,37.428673,40.966967,2.340497
256,fp16_static_compiled_attn_only_deltanet,251,35.83799,38.558302,1.297998
256,fp16_static_compiled_attn_only_deltanet,252,36.128265,36.87048,0.458049
256,fp16_static_compiled_attn_only_deltanet,253,38.219748,43.46351,3.341897
256,fp16_static_compiled_attn_only_deltanet,254,36.707969,41.176505,2.665597
256,fp16_static_compiled_attn_only_deltanet,255,36.591661,39.881711,2.152922
