name,layer_index,layer_type,sub_type,proj_name,submodule_name,out_features,in_features,shape,params,params_M,priority
model.language_model.layers.0.linear_attn.in_proj_a,0,linear_attention,DeltaNet_Attn,in_proj_a,model.language_model.layers.0.linear_attn.in_proj_a,32,2560,"[32, 2560]",81920,0.08192,P2-暂缓
model.language_model.layers.0.linear_attn.in_proj_b,0,linear_attention,DeltaNet_Attn,in_proj_b,model.language_model.layers.0.linear_attn.in_proj_b,32,2560,"[32, 2560]",81920,0.08192,P2-暂缓
model.language_model.layers.0.linear_attn.in_proj_qkv,0,linear_attention,DeltaNet_Attn,in_proj_qkv,model.language_model.layers.0.linear_attn.in_proj_qkv,8192,2560,"[8192, 2560]",20971520,20.97152,P2-暂缓
model.language_model.layers.0.linear_attn.in_proj_z,0,linear_attention,DeltaNet_Attn,in_proj_z,model.language_model.layers.0.linear_attn.in_proj_z,4096,2560,"[4096, 2560]",10485760,10.48576,P2-暂缓
model.language_model.layers.0.linear_attn.out_proj,0,linear_attention,DeltaNet_Attn,out_proj,model.language_model.layers.0.linear_attn.out_proj,2560,4096,"[2560, 4096]",10485760,10.48576,P2-暂缓
model.language_model.layers.0.mlp.down_proj,0,linear_attention,FFN,down_proj,model.language_model.layers.0.mlp.down_proj,2560,9216,"[2560, 9216]",23592960,23.59296,P0-优先
model.language_model.layers.0.mlp.gate_proj,0,linear_attention,FFN,gate_proj,model.language_model.layers.0.mlp.gate_proj,9216,2560,"[9216, 2560]",23592960,23.59296,P0-优先
model.language_model.layers.0.mlp.up_proj,0,linear_attention,FFN,up_proj,model.language_model.layers.0.mlp.up_proj,9216,2560,"[9216, 2560]",23592960,23.59296,P0-优先
model.language_model.layers.1.linear_attn.in_proj_a,1,linear_attention,DeltaNet_Attn,in_proj_a,model.language_model.layers.1.linear_attn.in_proj_a,32,2560,"[32, 2560]",81920,0.08192,P2-暂缓
model.language_model.layers.1.linear_attn.in_proj_b,1,linear_attention,DeltaNet_Attn,in_proj_b,model.language_model.layers.1.linear_attn.in_proj_b,32,2560,"[32, 2560]",81920,0.08192,P2-暂缓
model.language_model.layers.1.linear_attn.in_proj_qkv,1,linear_attention,DeltaNet_Attn,in_proj_qkv,model.language_model.layers.1.linear_attn.in_proj_qkv,8192,2560,"[8192, 2560]",20971520,20.97152,P2-暂缓
model.language_model.layers.1.linear_attn.in_proj_z,1,linear_attention,DeltaNet_Attn,in_proj_z,model.language_model.layers.1.linear_attn.in_proj_z,4096,2560,"[4096, 2560]",10485760,10.48576,P2-暂缓
model.language_model.layers.1.linear_attn.out_proj,1,linear_attention,DeltaNet_Attn,out_proj,model.language_model.layers.1.linear_attn.out_proj,2560,4096,"[2560, 4096]",10485760,10.48576,P2-暂缓
model.language_model.layers.1.mlp.down_proj,1,linear_attention,FFN,down_proj,model.language_model.layers.1.mlp.down_proj,2560,9216,"[2560, 9216]",23592960,23.59296,P0-优先
model.language_model.layers.1.mlp.gate_proj,1,linear_attention,FFN,gate_proj,model.language_model.layers.1.mlp.gate_proj,9216,2560,"[9216, 2560]",23592960,23.59296,P0-优先
model.language_model.layers.1.mlp.up_proj,1,linear_attention,FFN,up_proj,model.language_model.layers.1.mlp.up_proj,9216,2560,"[9216, 2560]",23592960,23.59296,P0-优先
model.language_model.layers.2.linear_attn.in_proj_a,2,linear_attention,DeltaNet_Attn,in_proj_a,model.language_model.layers.2.linear_attn.in_proj_a,32,2560,"[32, 2560]",81920,0.08192,P2-暂缓
model.language_model.layers.2.linear_attn.in_proj_b,2,linear_attention,DeltaNet_Attn,in_proj_b,model.language_model.layers.2.linear_attn.in_proj_b,32,2560,"[32, 2560]",81920,0.08192,P2-暂缓
model.language_model.layers.2.linear_attn.in_proj_qkv,2,linear_attention,DeltaNet_Attn,in_proj_qkv,model.language_model.layers.2.linear_attn.in_proj_qkv,8192,2560,"[8192, 2560]",20971520,20.97152,P2-暂缓
model.language_model.layers.2.linear_attn.in_proj_z,2,linear_attention,DeltaNet_Attn,in_proj_z,model.language_model.layers.2.linear_attn.in_proj_z,4096,2560,"[4096, 2560]",10485760,10.48576,P2-暂缓
model.language_model.layers.2.linear_attn.out_proj,2,linear_attention,DeltaNet_Attn,out_proj,model.language_model.layers.2.linear_attn.out_proj,2560,4096,"[2560, 4096]",10485760,10.48576,P2-暂缓
model.language_model.layers.2.mlp.down_proj,2,linear_attention,FFN,down_proj,model.language_model.layers.2.mlp.down_proj,2560,9216,"[2560, 9216]",23592960,23.59296,P0-优先
model.language_model.layers.2.mlp.gate_proj,2,linear_attention,FFN,gate_proj,model.language_model.layers.2.mlp.gate_proj,9216,2560,"[9216, 2560]",23592960,23.59296,P0-优先
model.language_model.layers.2.mlp.up_proj,2,linear_attention,FFN,up_proj,model.language_model.layers.2.mlp.up_proj,9216,2560,"[9216, 2560]",23592960,23.59296,P0-优先
model.language_model.layers.3.mlp.down_proj,3,full_attention,FFN,down_proj,model.language_model.layers.3.mlp.down_proj,2560,9216,"[2560, 9216]",23592960,23.59296,P0-优先
model.language_model.layers.3.mlp.gate_proj,3,full_attention,FFN,gate_proj,model.language_model.layers.3.mlp.gate_proj,9216,2560,"[9216, 2560]",23592960,23.59296,P0-优先
model.language_model.layers.3.mlp.up_proj,3,full_attention,FFN,up_proj,model.language_model.layers.3.mlp.up_proj,9216,2560,"[9216, 2560]",23592960,23.59296,P0-优先
model.language_model.layers.3.self_attn.k_proj,3,full_attention,FullAttn,k_proj,model.language_model.layers.3.self_attn.k_proj,1024,2560,"[1024, 2560]",2621440,2.62144,P1-次优
model.language_model.layers.3.self_attn.o_proj,3,full_attention,FullAttn,o_proj,model.language_model.layers.3.self_attn.o_proj,2560,4096,"[2560, 4096]",10485760,10.48576,P1-次优
model.language_model.layers.3.self_attn.q_proj,3,full_attention,FullAttn,q_proj,model.language_model.layers.3.self_attn.q_proj,8192,2560,"[8192, 2560]",20971520,20.97152,P1-次优
model.language_model.layers.3.self_attn.v_proj,3,full_attention,FullAttn,v_proj,model.language_model.layers.3.self_attn.v_proj,1024,2560,"[1024, 2560]",2621440,2.62144,P1-次优
model.language_model.layers.4.linear_attn.in_proj_a,4,linear_attention,DeltaNet_Attn,in_proj_a,model.language_model.layers.4.linear_attn.in_proj_a,32,2560,"[32, 2560]",81920,0.08192,P2-暂缓
model.language_model.layers.4.linear_attn.in_proj_b,4,linear_attention,DeltaNet_Attn,in_proj_b,model.language_model.layers.4.linear_attn.in_proj_b,32,2560,"[32, 2560]",81920,0.08192,P2-暂缓
model.language_model.layers.4.linear_attn.in_proj_qkv,4,linear_attention,DeltaNet_Attn,in_proj_qkv,model.language_model.layers.4.linear_attn.in_proj_qkv,8192,2560,"[8192, 2560]",20971520,20.97152,P2-暂缓
model.language_model.layers.4.linear_attn.in_proj_z,4,linear_attention,DeltaNet_Attn,in_proj_z,model.language_model.layers.4.linear_attn.in_proj_z,4096,2560,"[4096, 2560]",10485760,10.48576,P2-暂缓
model.language_model.layers.4.linear_attn.out_proj,4,linear_attention,DeltaNet_Attn,out_proj,model.language_model.layers.4.linear_attn.out_proj,2560,4096,"[2560, 4096]",10485760,10.48576,P2-暂缓
model.language_model.layers.4.mlp.down_proj,4,linear_attention,FFN,down_proj,model.language_model.layers.4.mlp.down_proj,2560,9216,"[2560, 9216]",23592960,23.59296,P0-优先
model.language_model.layers.4.mlp.gate_proj,4,linear_attention,FFN,gate_proj,model.language_model.layers.4.mlp.gate_proj,9216,2560,"[9216, 2560]",23592960,23.59296,P0-优先
model.language_model.layers.4.mlp.up_proj,4,linear_attention,FFN,up_proj,model.language_model.layers.4.mlp.up_proj,9216,2560,"[9216, 2560]",23592960,23.59296,P0-优先
model.language_model.layers.5.linear_attn.in_proj_a,5,linear_attention,DeltaNet_Attn,in_proj_a,model.language_model.layers.5.linear_attn.in_proj_a,32,2560,"[32, 2560]",81920,0.08192,P2-暂缓
model.language_model.layers.5.linear_attn.in_proj_b,5,linear_attention,DeltaNet_Attn,in_proj_b,model.language_model.layers.5.linear_attn.in_proj_b,32,2560,"[32, 2560]",81920,0.08192,P2-暂缓
model.language_model.layers.5.linear_attn.in_proj_qkv,5,linear_attention,DeltaNet_Attn,in_proj_qkv,model.language_model.layers.5.linear_attn.in_proj_qkv,8192,2560,"[8192, 2560]",20971520,20.97152,P2-暂缓
model.language_model.layers.5.linear_attn.in_proj_z,5,linear_attention,DeltaNet_Attn,in_proj_z,model.language_model.layers.5.linear_attn.in_proj_z,4096,2560,"[4096, 2560]",10485760,10.48576,P2-暂缓
model.language_model.layers.5.linear_attn.out_proj,5,linear_attention,DeltaNet_Attn,out_proj,model.language_model.layers.5.linear_attn.out_proj,2560,4096,"[2560, 4096]",10485760,10.48576,P2-暂缓
model.language_model.layers.5.mlp.down_proj,5,linear_attention,FFN,down_proj,model.language_model.layers.5.mlp.down_proj,2560,9216,"[2560, 9216]",23592960,23.59296,P0-优先
model.language_model.layers.5.mlp.gate_proj,5,linear_attention,FFN,gate_proj,model.language_model.layers.5.mlp.gate_proj,9216,2560,"[9216, 2560]",23592960,23.59296,P0-优先
model.language_model.layers.5.mlp.up_proj,5,linear_attention,FFN,up_proj,model.language_model.layers.5.mlp.up_proj,9216,2560,"[9216, 2560]",23592960,23.59296,P0-优先
model.language_model.layers.6.linear_attn.in_proj_a,6,linear_attention,DeltaNet_Attn,in_proj_a,model.language_model.layers.6.linear_attn.in_proj_a,32,2560,"[32, 2560]",81920,0.08192,P2-暂缓
model.language_model.layers.6.linear_attn.in_proj_b,6,linear_attention,DeltaNet_Attn,in_proj_b,model.language_model.layers.6.linear_attn.in_proj_b,32,2560,"[32, 2560]",81920,0.08192,P2-暂缓
model.language_model.layers.6.linear_attn.in_proj_qkv,6,linear_attention,DeltaNet_Attn,in_proj_qkv,model.language_model.layers.6.linear_attn.in_proj_qkv,8192,2560,"[8192, 2560]",20971520,20.97152,P2-暂缓
model.language_model.layers.6.linear_attn.in_proj_z,6,linear_attention,DeltaNet_Attn,in_proj_z,model.language_model.layers.6.linear_attn.in_proj_z,4096,2560,"[4096, 2560]",10485760,10.48576,P2-暂缓
model.language_model.layers.6.linear_attn.out_proj,6,linear_attention,DeltaNet_Attn,out_proj,model.language_model.layers.6.linear_attn.out_proj,2560,4096,"[2560, 4096]",10485760,10.48576,P2-暂缓
model.language_model.layers.6.mlp.down_proj,6,linear_attention,FFN,down_proj,model.language_model.layers.6.mlp.down_proj,2560,9216,"[2560, 9216]",23592960,23.59296,P0-优先
model.language_model.layers.6.mlp.gate_proj,6,linear_attention,FFN,gate_proj,model.language_model.layers.6.mlp.gate_proj,9216,2560,"[9216, 2560]",23592960,23.59296,P0-优先
model.language_model.layers.6.mlp.up_proj,6,linear_attention,FFN,up_proj,model.language_model.layers.6.mlp.up_proj,9216,2560,"[9216, 2560]",23592960,23.59296,P0-优先
model.language_model.layers.7.mlp.down_proj,7,full_attention,FFN,down_proj,model.language_model.layers.7.mlp.down_proj,2560,9216,"[2560, 9216]",23592960,23.59296,P0-优先
model.language_model.layers.7.mlp.gate_proj,7,full_attention,FFN,gate_proj,model.language_model.layers.7.mlp.gate_proj,9216,2560,"[9216, 2560]",23592960,23.59296,P0-优先
model.language_model.layers.7.mlp.up_proj,7,full_attention,FFN,up_proj,model.language_model.layers.7.mlp.up_proj,9216,2560,"[9216, 2560]",23592960,23.59296,P0-优先
model.language_model.layers.7.self_attn.k_proj,7,full_attention,FullAttn,k_proj,model.language_model.layers.7.self_attn.k_proj,1024,2560,"[1024, 2560]",2621440,2.62144,P1-次优
model.language_model.layers.7.self_attn.o_proj,7,full_attention,FullAttn,o_proj,model.language_model.layers.7.self_attn.o_proj,2560,4096,"[2560, 4096]",10485760,10.48576,P1-次优
model.language_model.layers.7.self_attn.q_proj,7,full_attention,FullAttn,q_proj,model.language_model.layers.7.self_attn.q_proj,8192,2560,"[8192, 2560]",20971520,20.97152,P1-次优
model.language_model.layers.7.self_attn.v_proj,7,full_attention,FullAttn,v_proj,model.language_model.layers.7.self_attn.v_proj,1024,2560,"[1024, 2560]",2621440,2.62144,P1-次优
model.language_model.layers.8.linear_attn.in_proj_a,8,linear_attention,DeltaNet_Attn,in_proj_a,model.language_model.layers.8.linear_attn.in_proj_a,32,2560,"[32, 2560]",81920,0.08192,P2-暂缓
model.language_model.layers.8.linear_attn.in_proj_b,8,linear_attention,DeltaNet_Attn,in_proj_b,model.language_model.layers.8.linear_attn.in_proj_b,32,2560,"[32, 2560]",81920,0.08192,P2-暂缓
model.language_model.layers.8.linear_attn.in_proj_qkv,8,linear_attention,DeltaNet_Attn,in_proj_qkv,model.language_model.layers.8.linear_attn.in_proj_qkv,8192,2560,"[8192, 2560]",20971520,20.97152,P2-暂缓
model.language_model.layers.8.linear_attn.in_proj_z,8,linear_attention,DeltaNet_Attn,in_proj_z,model.language_model.layers.8.linear_attn.in_proj_z,4096,2560,"[4096, 2560]",10485760,10.48576,P2-暂缓
model.language_model.layers.8.linear_attn.out_proj,8,linear_attention,DeltaNet_Attn,out_proj,model.language_model.layers.8.linear_attn.out_proj,2560,4096,"[2560, 4096]",10485760,10.48576,P2-暂缓
model.language_model.layers.8.mlp.down_proj,8,linear_attention,FFN,down_proj,model.language_model.layers.8.mlp.down_proj,2560,9216,"[2560, 9216]",23592960,23.59296,P0-优先
model.language_model.layers.8.mlp.gate_proj,8,linear_attention,FFN,gate_proj,model.language_model.layers.8.mlp.gate_proj,9216,2560,"[9216, 2560]",23592960,23.59296,P0-优先
model.language_model.layers.8.mlp.up_proj,8,linear_attention,FFN,up_proj,model.language_model.layers.8.mlp.up_proj,9216,2560,"[9216, 2560]",23592960,23.59296,P0-优先
model.language_model.layers.9.linear_attn.in_proj_a,9,linear_attention,DeltaNet_Attn,in_proj_a,model.language_model.layers.9.linear_attn.in_proj_a,32,2560,"[32, 2560]",81920,0.08192,P2-暂缓
model.language_model.layers.9.linear_attn.in_proj_b,9,linear_attention,DeltaNet_Attn,in_proj_b,model.language_model.layers.9.linear_attn.in_proj_b,32,2560,"[32, 2560]",81920,0.08192,P2-暂缓
model.language_model.layers.9.linear_attn.in_proj_qkv,9,linear_attention,DeltaNet_Attn,in_proj_qkv,model.language_model.layers.9.linear_attn.in_proj_qkv,8192,2560,"[8192, 2560]",20971520,20.97152,P2-暂缓
model.language_model.layers.9.linear_attn.in_proj_z,9,linear_attention,DeltaNet_Attn,in_proj_z,model.language_model.layers.9.linear_attn.in_proj_z,4096,2560,"[4096, 2560]",10485760,10.48576,P2-暂缓
model.language_model.layers.9.linear_attn.out_proj,9,linear_attention,DeltaNet_Attn,out_proj,model.language_model.layers.9.linear_attn.out_proj,2560,4096,"[2560, 4096]",10485760,10.48576,P2-暂缓
model.language_model.layers.9.mlp.down_proj,9,linear_attention,FFN,down_proj,model.language_model.layers.9.mlp.down_proj,2560,9216,"[2560, 9216]",23592960,23.59296,P0-优先
model.language_model.layers.9.mlp.gate_proj,9,linear_attention,FFN,gate_proj,model.language_model.layers.9.mlp.gate_proj,9216,2560,"[9216, 2560]",23592960,23.59296,P0-优先
model.language_model.layers.9.mlp.up_proj,9,linear_attention,FFN,up_proj,model.language_model.layers.9.mlp.up_proj,9216,2560,"[9216, 2560]",23592960,23.59296,P0-优先
model.language_model.layers.10.linear_attn.in_proj_a,10,linear_attention,DeltaNet_Attn,in_proj_a,model.language_model.layers.10.linear_attn.in_proj_a,32,2560,"[32, 2560]",81920,0.08192,P2-暂缓
model.language_model.layers.10.linear_attn.in_proj_b,10,linear_attention,DeltaNet_Attn,in_proj_b,model.language_model.layers.10.linear_attn.in_proj_b,32,2560,"[32, 2560]",81920,0.08192,P2-暂缓
model.language_model.layers.10.linear_attn.in_proj_qkv,10,linear_attention,DeltaNet_Attn,in_proj_qkv,model.language_model.layers.10.linear_attn.in_proj_qkv,8192,2560,"[8192, 2560]",20971520,20.97152,P2-暂缓
model.language_model.layers.10.linear_attn.in_proj_z,10,linear_attention,DeltaNet_Attn,in_proj_z,model.language_model.layers.10.linear_attn.in_proj_z,4096,2560,"[4096, 2560]",10485760,10.48576,P2-暂缓
model.language_model.layers.10.linear_attn.out_proj,10,linear_attention,DeltaNet_Attn,out_proj,model.language_model.layers.10.linear_attn.out_proj,2560,4096,"[2560, 4096]",10485760,10.48576,P2-暂缓
model.language_model.layers.10.mlp.down_proj,10,linear_attention,FFN,down_proj,model.language_model.layers.10.mlp.down_proj,2560,9216,"[2560, 9216]",23592960,23.59296,P0-优先
model.language_model.layers.10.mlp.gate_proj,10,linear_attention,FFN,gate_proj,model.language_model.layers.10.mlp.gate_proj,9216,2560,"[9216, 2560]",23592960,23.59296,P0-优先
model.language_model.layers.10.mlp.up_proj,10,linear_attention,FFN,up_proj,model.language_model.layers.10.mlp.up_proj,9216,2560,"[9216, 2560]",23592960,23.59296,P0-优先
model.language_model.layers.11.mlp.down_proj,11,full_attention,FFN,down_proj,model.language_model.layers.11.mlp.down_proj,2560,9216,"[2560, 9216]",23592960,23.59296,P0-优先
model.language_model.layers.11.mlp.gate_proj,11,full_attention,FFN,gate_proj,model.language_model.layers.11.mlp.gate_proj,9216,2560,"[9216, 2560]",23592960,23.59296,P0-优先
model.language_model.layers.11.mlp.up_proj,11,full_attention,FFN,up_proj,model.language_model.layers.11.mlp.up_proj,9216,2560,"[9216, 2560]",23592960,23.59296,P0-优先
model.language_model.layers.11.self_attn.k_proj,11,full_attention,FullAttn,k_proj,model.language_model.layers.11.self_attn.k_proj,1024,2560,"[1024, 2560]",2621440,2.62144,P1-次优
model.language_model.layers.11.self_attn.o_proj,11,full_attention,FullAttn,o_proj,model.language_model.layers.11.self_attn.o_proj,2560,4096,"[2560, 4096]",10485760,10.48576,P1-次优
model.language_model.layers.11.self_attn.q_proj,11,full_attention,FullAttn,q_proj,model.language_model.layers.11.self_attn.q_proj,8192,2560,"[8192, 2560]",20971520,20.97152,P1-次优
model.language_model.layers.11.self_attn.v_proj,11,full_attention,FullAttn,v_proj,model.language_model.layers.11.self_attn.v_proj,1024,2560,"[1024, 2560]",2621440,2.62144,P1-次优
model.language_model.layers.12.linear_attn.in_proj_a,12,linear_attention,DeltaNet_Attn,in_proj_a,model.language_model.layers.12.linear_attn.in_proj_a,32,2560,"[32, 2560]",81920,0.08192,P2-暂缓
model.language_model.layers.12.linear_attn.in_proj_b,12,linear_attention,DeltaNet_Attn,in_proj_b,model.language_model.layers.12.linear_attn.in_proj_b,32,2560,"[32, 2560]",81920,0.08192,P2-暂缓
model.language_model.layers.12.linear_attn.in_proj_qkv,12,linear_attention,DeltaNet_Attn,in_proj_qkv,model.language_model.layers.12.linear_attn.in_proj_qkv,8192,2560,"[8192, 2560]",20971520,20.97152,P2-暂缓
model.language_model.layers.12.linear_attn.in_proj_z,12,linear_attention,DeltaNet_Attn,in_proj_z,model.language_model.layers.12.linear_attn.in_proj_z,4096,2560,"[4096, 2560]",10485760,10.48576,P2-暂缓
model.language_model.layers.12.linear_attn.out_proj,12,linear_attention,DeltaNet_Attn,out_proj,model.language_model.layers.12.linear_attn.out_proj,2560,4096,"[2560, 4096]",10485760,10.48576,P2-暂缓
model.language_model.layers.12.mlp.down_proj,12,linear_attention,FFN,down_proj,model.language_model.layers.12.mlp.down_proj,2560,9216,"[2560, 9216]",23592960,23.59296,P0-优先
model.language_model.layers.12.mlp.gate_proj,12,linear_attention,FFN,gate_proj,model.language_model.layers.12.mlp.gate_proj,9216,2560,"[9216, 2560]",23592960,23.59296,P0-优先
model.language_model.layers.12.mlp.up_proj,12,linear_attention,FFN,up_proj,model.language_model.layers.12.mlp.up_proj,9216,2560,"[9216, 2560]",23592960,23.59296,P0-优先
model.language_model.layers.13.linear_attn.in_proj_a,13,linear_attention,DeltaNet_Attn,in_proj_a,model.language_model.layers.13.linear_attn.in_proj_a,32,2560,"[32, 2560]",81920,0.08192,P2-暂缓
model.language_model.layers.13.linear_attn.in_proj_b,13,linear_attention,DeltaNet_Attn,in_proj_b,model.language_model.layers.13.linear_attn.in_proj_b,32,2560,"[32, 2560]",81920,0.08192,P2-暂缓
model.language_model.layers.13.linear_attn.in_proj_qkv,13,linear_attention,DeltaNet_Attn,in_proj_qkv,model.language_model.layers.13.linear_attn.in_proj_qkv,8192,2560,"[8192, 2560]",20971520,20.97152,P2-暂缓
model.language_model.layers.13.linear_attn.in_proj_z,13,linear_attention,DeltaNet_Attn,in_proj_z,model.language_model.layers.13.linear_attn.in_proj_z,4096,2560,"[4096, 2560]",10485760,10.48576,P2-暂缓
model.language_model.layers.13.linear_attn.out_proj,13,linear_attention,DeltaNet_Attn,out_proj,model.language_model.layers.13.linear_attn.out_proj,2560,4096,"[2560, 4096]",10485760,10.48576,P2-暂缓
model.language_model.layers.13.mlp.down_proj,13,linear_attention,FFN,down_proj,model.language_model.layers.13.mlp.down_proj,2560,9216,"[2560, 9216]",23592960,23.59296,P0-优先
model.language_model.layers.13.mlp.gate_proj,13,linear_attention,FFN,gate_proj,model.language_model.layers.13.mlp.gate_proj,9216,2560,"[9216, 2560]",23592960,23.59296,P0-优先
model.language_model.layers.13.mlp.up_proj,13,linear_attention,FFN,up_proj,model.language_model.layers.13.mlp.up_proj,9216,2560,"[9216, 2560]",23592960,23.59296,P0-优先
model.language_model.layers.14.linear_attn.in_proj_a,14,linear_attention,DeltaNet_Attn,in_proj_a,model.language_model.layers.14.linear_attn.in_proj_a,32,2560,"[32, 2560]",81920,0.08192,P2-暂缓
model.language_model.layers.14.linear_attn.in_proj_b,14,linear_attention,DeltaNet_Attn,in_proj_b,model.language_model.layers.14.linear_attn.in_proj_b,32,2560,"[32, 2560]",81920,0.08192,P2-暂缓
model.language_model.layers.14.linear_attn.in_proj_qkv,14,linear_attention,DeltaNet_Attn,in_proj_qkv,model.language_model.layers.14.linear_attn.in_proj_qkv,8192,2560,"[8192, 2560]",20971520,20.97152,P2-暂缓
model.language_model.layers.14.linear_attn.in_proj_z,14,linear_attention,DeltaNet_Attn,in_proj_z,model.language_model.layers.14.linear_attn.in_proj_z,4096,2560,"[4096, 2560]",10485760,10.48576,P2-暂缓
model.language_model.layers.14.linear_attn.out_proj,14,linear_attention,DeltaNet_Attn,out_proj,model.language_model.layers.14.linear_attn.out_proj,2560,4096,"[2560, 4096]",10485760,10.48576,P2-暂缓
model.language_model.layers.14.mlp.down_proj,14,linear_attention,FFN,down_proj,model.language_model.layers.14.mlp.down_proj,2560,9216,"[2560, 9216]",23592960,23.59296,P0-优先
model.language_model.layers.14.mlp.gate_proj,14,linear_attention,FFN,gate_proj,model.language_model.layers.14.mlp.gate_proj,9216,2560,"[9216, 2560]",23592960,23.59296,P0-优先
model.language_model.layers.14.mlp.up_proj,14,linear_attention,FFN,up_proj,model.language_model.layers.14.mlp.up_proj,9216,2560,"[9216, 2560]",23592960,23.59296,P0-优先
model.language_model.layers.15.mlp.down_proj,15,full_attention,FFN,down_proj,model.language_model.layers.15.mlp.down_proj,2560,9216,"[2560, 9216]",23592960,23.59296,P0-优先
model.language_model.layers.15.mlp.gate_proj,15,full_attention,FFN,gate_proj,model.language_model.layers.15.mlp.gate_proj,9216,2560,"[9216, 2560]",23592960,23.59296,P0-优先
model.language_model.layers.15.mlp.up_proj,15,full_attention,FFN,up_proj,model.language_model.layers.15.mlp.up_proj,9216,2560,"[9216, 2560]",23592960,23.59296,P0-优先
model.language_model.layers.15.self_attn.k_proj,15,full_attention,FullAttn,k_proj,model.language_model.layers.15.self_attn.k_proj,1024,2560,"[1024, 2560]",2621440,2.62144,P1-次优
model.language_model.layers.15.self_attn.o_proj,15,full_attention,FullAttn,o_proj,model.language_model.layers.15.self_attn.o_proj,2560,4096,"[2560, 4096]",10485760,10.48576,P1-次优
model.language_model.layers.15.self_attn.q_proj,15,full_attention,FullAttn,q_proj,model.language_model.layers.15.self_attn.q_proj,8192,2560,"[8192, 2560]",20971520,20.97152,P1-次优
model.language_model.layers.15.self_attn.v_proj,15,full_attention,FullAttn,v_proj,model.language_model.layers.15.self_attn.v_proj,1024,2560,"[1024, 2560]",2621440,2.62144,P1-次优
model.language_model.layers.16.linear_attn.in_proj_a,16,linear_attention,DeltaNet_Attn,in_proj_a,model.language_model.layers.16.linear_attn.in_proj_a,32,2560,"[32, 2560]",81920,0.08192,P2-暂缓
model.language_model.layers.16.linear_attn.in_proj_b,16,linear_attention,DeltaNet_Attn,in_proj_b,model.language_model.layers.16.linear_attn.in_proj_b,32,2560,"[32, 2560]",81920,0.08192,P2-暂缓
model.language_model.layers.16.linear_attn.in_proj_qkv,16,linear_attention,DeltaNet_Attn,in_proj_qkv,model.language_model.layers.16.linear_attn.in_proj_qkv,8192,2560,"[8192, 2560]",20971520,20.97152,P2-暂缓
model.language_model.layers.16.linear_attn.in_proj_z,16,linear_attention,DeltaNet_Attn,in_proj_z,model.language_model.layers.16.linear_attn.in_proj_z,4096,2560,"[4096, 2560]",10485760,10.48576,P2-暂缓
model.language_model.layers.16.linear_attn.out_proj,16,linear_attention,DeltaNet_Attn,out_proj,model.language_model.layers.16.linear_attn.out_proj,2560,4096,"[2560, 4096]",10485760,10.48576,P2-暂缓
model.language_model.layers.16.mlp.down_proj,16,linear_attention,FFN,down_proj,model.language_model.layers.16.mlp.down_proj,2560,9216,"[2560, 9216]",23592960,23.59296,P0-优先
model.language_model.layers.16.mlp.gate_proj,16,linear_attention,FFN,gate_proj,model.language_model.layers.16.mlp.gate_proj,9216,2560,"[9216, 2560]",23592960,23.59296,P0-优先
model.language_model.layers.16.mlp.up_proj,16,linear_attention,FFN,up_proj,model.language_model.layers.16.mlp.up_proj,9216,2560,"[9216, 2560]",23592960,23.59296,P0-优先
model.language_model.layers.17.linear_attn.in_proj_a,17,linear_attention,DeltaNet_Attn,in_proj_a,model.language_model.layers.17.linear_attn.in_proj_a,32,2560,"[32, 2560]",81920,0.08192,P2-暂缓
model.language_model.layers.17.linear_attn.in_proj_b,17,linear_attention,DeltaNet_Attn,in_proj_b,model.language_model.layers.17.linear_attn.in_proj_b,32,2560,"[32, 2560]",81920,0.08192,P2-暂缓
model.language_model.layers.17.linear_attn.in_proj_qkv,17,linear_attention,DeltaNet_Attn,in_proj_qkv,model.language_model.layers.17.linear_attn.in_proj_qkv,8192,2560,"[8192, 2560]",20971520,20.97152,P2-暂缓
model.language_model.layers.17.linear_attn.in_proj_z,17,linear_attention,DeltaNet_Attn,in_proj_z,model.language_model.layers.17.linear_attn.in_proj_z,4096,2560,"[4096, 2560]",10485760,10.48576,P2-暂缓
model.language_model.layers.17.linear_attn.out_proj,17,linear_attention,DeltaNet_Attn,out_proj,model.language_model.layers.17.linear_attn.out_proj,2560,4096,"[2560, 4096]",10485760,10.48576,P2-暂缓
model.language_model.layers.17.mlp.down_proj,17,linear_attention,FFN,down_proj,model.language_model.layers.17.mlp.down_proj,2560,9216,"[2560, 9216]",23592960,23.59296,P0-优先
model.language_model.layers.17.mlp.gate_proj,17,linear_attention,FFN,gate_proj,model.language_model.layers.17.mlp.gate_proj,9216,2560,"[9216, 2560]",23592960,23.59296,P0-优先
model.language_model.layers.17.mlp.up_proj,17,linear_attention,FFN,up_proj,model.language_model.layers.17.mlp.up_proj,9216,2560,"[9216, 2560]",23592960,23.59296,P0-优先
model.language_model.layers.18.linear_attn.in_proj_a,18,linear_attention,DeltaNet_Attn,in_proj_a,model.language_model.layers.18.linear_attn.in_proj_a,32,2560,"[32, 2560]",81920,0.08192,P2-暂缓
model.language_model.layers.18.linear_attn.in_proj_b,18,linear_attention,DeltaNet_Attn,in_proj_b,model.language_model.layers.18.linear_attn.in_proj_b,32,2560,"[32, 2560]",81920,0.08192,P2-暂缓
model.language_model.layers.18.linear_attn.in_proj_qkv,18,linear_attention,DeltaNet_Attn,in_proj_qkv,model.language_model.layers.18.linear_attn.in_proj_qkv,8192,2560,"[8192, 2560]",20971520,20.97152,P2-暂缓
model.language_model.layers.18.linear_attn.in_proj_z,18,linear_attention,DeltaNet_Attn,in_proj_z,model.language_model.layers.18.linear_attn.in_proj_z,4096,2560,"[4096, 2560]",10485760,10.48576,P2-暂缓
model.language_model.layers.18.linear_attn.out_proj,18,linear_attention,DeltaNet_Attn,out_proj,model.language_model.layers.18.linear_attn.out_proj,2560,4096,"[2560, 4096]",10485760,10.48576,P2-暂缓
model.language_model.layers.18.mlp.down_proj,18,linear_attention,FFN,down_proj,model.language_model.layers.18.mlp.down_proj,2560,9216,"[2560, 9216]",23592960,23.59296,P0-优先
model.language_model.layers.18.mlp.gate_proj,18,linear_attention,FFN,gate_proj,model.language_model.layers.18.mlp.gate_proj,9216,2560,"[9216, 2560]",23592960,23.59296,P0-优先
model.language_model.layers.18.mlp.up_proj,18,linear_attention,FFN,up_proj,model.language_model.layers.18.mlp.up_proj,9216,2560,"[9216, 2560]",23592960,23.59296,P0-优先
model.language_model.layers.19.mlp.down_proj,19,full_attention,FFN,down_proj,model.language_model.layers.19.mlp.down_proj,2560,9216,"[2560, 9216]",23592960,23.59296,P0-优先
model.language_model.layers.19.mlp.gate_proj,19,full_attention,FFN,gate_proj,model.language_model.layers.19.mlp.gate_proj,9216,2560,"[9216, 2560]",23592960,23.59296,P0-优先
model.language_model.layers.19.mlp.up_proj,19,full_attention,FFN,up_proj,model.language_model.layers.19.mlp.up_proj,9216,2560,"[9216, 2560]",23592960,23.59296,P0-优先
model.language_model.layers.19.self_attn.k_proj,19,full_attention,FullAttn,k_proj,model.language_model.layers.19.self_attn.k_proj,1024,2560,"[1024, 2560]",2621440,2.62144,P1-次优
model.language_model.layers.19.self_attn.o_proj,19,full_attention,FullAttn,o_proj,model.language_model.layers.19.self_attn.o_proj,2560,4096,"[2560, 4096]",10485760,10.48576,P1-次优
model.language_model.layers.19.self_attn.q_proj,19,full_attention,FullAttn,q_proj,model.language_model.layers.19.self_attn.q_proj,8192,2560,"[8192, 2560]",20971520,20.97152,P1-次优
model.language_model.layers.19.self_attn.v_proj,19,full_attention,FullAttn,v_proj,model.language_model.layers.19.self_attn.v_proj,1024,2560,"[1024, 2560]",2621440,2.62144,P1-次优
model.language_model.layers.20.linear_attn.in_proj_a,20,linear_attention,DeltaNet_Attn,in_proj_a,model.language_model.layers.20.linear_attn.in_proj_a,32,2560,"[32, 2560]",81920,0.08192,P2-暂缓
model.language_model.layers.20.linear_attn.in_proj_b,20,linear_attention,DeltaNet_Attn,in_proj_b,model.language_model.layers.20.linear_attn.in_proj_b,32,2560,"[32, 2560]",81920,0.08192,P2-暂缓
model.language_model.layers.20.linear_attn.in_proj_qkv,20,linear_attention,DeltaNet_Attn,in_proj_qkv,model.language_model.layers.20.linear_attn.in_proj_qkv,8192,2560,"[8192, 2560]",20971520,20.97152,P2-暂缓
model.language_model.layers.20.linear_attn.in_proj_z,20,linear_attention,DeltaNet_Attn,in_proj_z,model.language_model.layers.20.linear_attn.in_proj_z,4096,2560,"[4096, 2560]",10485760,10.48576,P2-暂缓
model.language_model.layers.20.linear_attn.out_proj,20,linear_attention,DeltaNet_Attn,out_proj,model.language_model.layers.20.linear_attn.out_proj,2560,4096,"[2560, 4096]",10485760,10.48576,P2-暂缓
model.language_model.layers.20.mlp.down_proj,20,linear_attention,FFN,down_proj,model.language_model.layers.20.mlp.down_proj,2560,9216,"[2560, 9216]",23592960,23.59296,P0-优先
model.language_model.layers.20.mlp.gate_proj,20,linear_attention,FFN,gate_proj,model.language_model.layers.20.mlp.gate_proj,9216,2560,"[9216, 2560]",23592960,23.59296,P0-优先
model.language_model.layers.20.mlp.up_proj,20,linear_attention,FFN,up_proj,model.language_model.layers.20.mlp.up_proj,9216,2560,"[9216, 2560]",23592960,23.59296,P0-优先
model.language_model.layers.21.linear_attn.in_proj_a,21,linear_attention,DeltaNet_Attn,in_proj_a,model.language_model.layers.21.linear_attn.in_proj_a,32,2560,"[32, 2560]",81920,0.08192,P2-暂缓
model.language_model.layers.21.linear_attn.in_proj_b,21,linear_attention,DeltaNet_Attn,in_proj_b,model.language_model.layers.21.linear_attn.in_proj_b,32,2560,"[32, 2560]",81920,0.08192,P2-暂缓
model.language_model.layers.21.linear_attn.in_proj_qkv,21,linear_attention,DeltaNet_Attn,in_proj_qkv,model.language_model.layers.21.linear_attn.in_proj_qkv,8192,2560,"[8192, 2560]",20971520,20.97152,P2-暂缓
model.language_model.layers.21.linear_attn.in_proj_z,21,linear_attention,DeltaNet_Attn,in_proj_z,model.language_model.layers.21.linear_attn.in_proj_z,4096,2560,"[4096, 2560]",10485760,10.48576,P2-暂缓
model.language_model.layers.21.linear_attn.out_proj,21,linear_attention,DeltaNet_Attn,out_proj,model.language_model.layers.21.linear_attn.out_proj,2560,4096,"[2560, 4096]",10485760,10.48576,P2-暂缓
model.language_model.layers.21.mlp.down_proj,21,linear_attention,FFN,down_proj,model.language_model.layers.21.mlp.down_proj,2560,9216,"[2560, 9216]",23592960,23.59296,P0-优先
model.language_model.layers.21.mlp.gate_proj,21,linear_attention,FFN,gate_proj,model.language_model.layers.21.mlp.gate_proj,9216,2560,"[9216, 2560]",23592960,23.59296,P0-优先
model.language_model.layers.21.mlp.up_proj,21,linear_attention,FFN,up_proj,model.language_model.layers.21.mlp.up_proj,9216,2560,"[9216, 2560]",23592960,23.59296,P0-优先
model.language_model.layers.22.linear_attn.in_proj_a,22,linear_attention,DeltaNet_Attn,in_proj_a,model.language_model.layers.22.linear_attn.in_proj_a,32,2560,"[32, 2560]",81920,0.08192,P2-暂缓
model.language_model.layers.22.linear_attn.in_proj_b,22,linear_attention,DeltaNet_Attn,in_proj_b,model.language_model.layers.22.linear_attn.in_proj_b,32,2560,"[32, 2560]",81920,0.08192,P2-暂缓
model.language_model.layers.22.linear_attn.in_proj_qkv,22,linear_attention,DeltaNet_Attn,in_proj_qkv,model.language_model.layers.22.linear_attn.in_proj_qkv,8192,2560,"[8192, 2560]",20971520,20.97152,P2-暂缓
model.language_model.layers.22.linear_attn.in_proj_z,22,linear_attention,DeltaNet_Attn,in_proj_z,model.language_model.layers.22.linear_attn.in_proj_z,4096,2560,"[4096, 2560]",10485760,10.48576,P2-暂缓
model.language_model.layers.22.linear_attn.out_proj,22,linear_attention,DeltaNet_Attn,out_proj,model.language_model.layers.22.linear_attn.out_proj,2560,4096,"[2560, 4096]",10485760,10.48576,P2-暂缓
model.language_model.layers.22.mlp.down_proj,22,linear_attention,FFN,down_proj,model.language_model.layers.22.mlp.down_proj,2560,9216,"[2560, 9216]",23592960,23.59296,P0-优先
model.language_model.layers.22.mlp.gate_proj,22,linear_attention,FFN,gate_proj,model.language_model.layers.22.mlp.gate_proj,9216,2560,"[9216, 2560]",23592960,23.59296,P0-优先
model.language_model.layers.22.mlp.up_proj,22,linear_attention,FFN,up_proj,model.language_model.layers.22.mlp.up_proj,9216,2560,"[9216, 2560]",23592960,23.59296,P0-优先
model.language_model.layers.23.mlp.down_proj,23,full_attention,FFN,down_proj,model.language_model.layers.23.mlp.down_proj,2560,9216,"[2560, 9216]",23592960,23.59296,P0-优先
model.language_model.layers.23.mlp.gate_proj,23,full_attention,FFN,gate_proj,model.language_model.layers.23.mlp.gate_proj,9216,2560,"[9216, 2560]",23592960,23.59296,P0-优先
model.language_model.layers.23.mlp.up_proj,23,full_attention,FFN,up_proj,model.language_model.layers.23.mlp.up_proj,9216,2560,"[9216, 2560]",23592960,23.59296,P0-优先
model.language_model.layers.23.self_attn.k_proj,23,full_attention,FullAttn,k_proj,model.language_model.layers.23.self_attn.k_proj,1024,2560,"[1024, 2560]",2621440,2.62144,P1-次优
model.language_model.layers.23.self_attn.o_proj,23,full_attention,FullAttn,o_proj,model.language_model.layers.23.self_attn.o_proj,2560,4096,"[2560, 4096]",10485760,10.48576,P1-次优
model.language_model.layers.23.self_attn.q_proj,23,full_attention,FullAttn,q_proj,model.language_model.layers.23.self_attn.q_proj,8192,2560,"[8192, 2560]",20971520,20.97152,P1-次优
model.language_model.layers.23.self_attn.v_proj,23,full_attention,FullAttn,v_proj,model.language_model.layers.23.self_attn.v_proj,1024,2560,"[1024, 2560]",2621440,2.62144,P1-次优
model.language_model.layers.24.linear_attn.in_proj_a,24,linear_attention,DeltaNet_Attn,in_proj_a,model.language_model.layers.24.linear_attn.in_proj_a,32,2560,"[32, 2560]",81920,0.08192,P2-暂缓
model.language_model.layers.24.linear_attn.in_proj_b,24,linear_attention,DeltaNet_Attn,in_proj_b,model.language_model.layers.24.linear_attn.in_proj_b,32,2560,"[32, 2560]",81920,0.08192,P2-暂缓
model.language_model.layers.24.linear_attn.in_proj_qkv,24,linear_attention,DeltaNet_Attn,in_proj_qkv,model.language_model.layers.24.linear_attn.in_proj_qkv,8192,2560,"[8192, 2560]",20971520,20.97152,P2-暂缓
model.language_model.layers.24.linear_attn.in_proj_z,24,linear_attention,DeltaNet_Attn,in_proj_z,model.language_model.layers.24.linear_attn.in_proj_z,4096,2560,"[4096, 2560]",10485760,10.48576,P2-暂缓
model.language_model.layers.24.linear_attn.out_proj,24,linear_attention,DeltaNet_Attn,out_proj,model.language_model.layers.24.linear_attn.out_proj,2560,4096,"[2560, 4096]",10485760,10.48576,P2-暂缓
model.language_model.layers.24.mlp.down_proj,24,linear_attention,FFN,down_proj,model.language_model.layers.24.mlp.down_proj,2560,9216,"[2560, 9216]",23592960,23.59296,P0-优先
model.language_model.layers.24.mlp.gate_proj,24,linear_attention,FFN,gate_proj,model.language_model.layers.24.mlp.gate_proj,9216,2560,"[9216, 2560]",23592960,23.59296,P0-优先
model.language_model.layers.24.mlp.up_proj,24,linear_attention,FFN,up_proj,model.language_model.layers.24.mlp.up_proj,9216,2560,"[9216, 2560]",23592960,23.59296,P0-优先
model.language_model.layers.25.linear_attn.in_proj_a,25,linear_attention,DeltaNet_Attn,in_proj_a,model.language_model.layers.25.linear_attn.in_proj_a,32,2560,"[32, 2560]",81920,0.08192,P2-暂缓
model.language_model.layers.25.linear_attn.in_proj_b,25,linear_attention,DeltaNet_Attn,in_proj_b,model.language_model.layers.25.linear_attn.in_proj_b,32,2560,"[32, 2560]",81920,0.08192,P2-暂缓
model.language_model.layers.25.linear_attn.in_proj_qkv,25,linear_attention,DeltaNet_Attn,in_proj_qkv,model.language_model.layers.25.linear_attn.in_proj_qkv,8192,2560,"[8192, 2560]",20971520,20.97152,P2-暂缓
model.language_model.layers.25.linear_attn.in_proj_z,25,linear_attention,DeltaNet_Attn,in_proj_z,model.language_model.layers.25.linear_attn.in_proj_z,4096,2560,"[4096, 2560]",10485760,10.48576,P2-暂缓
model.language_model.layers.25.linear_attn.out_proj,25,linear_attention,DeltaNet_Attn,out_proj,model.language_model.layers.25.linear_attn.out_proj,2560,4096,"[2560, 4096]",10485760,10.48576,P2-暂缓
model.language_model.layers.25.mlp.down_proj,25,linear_attention,FFN,down_proj,model.language_model.layers.25.mlp.down_proj,2560,9216,"[2560, 9216]",23592960,23.59296,P0-优先
model.language_model.layers.25.mlp.gate_proj,25,linear_attention,FFN,gate_proj,model.language_model.layers.25.mlp.gate_proj,9216,2560,"[9216, 2560]",23592960,23.59296,P0-优先
model.language_model.layers.25.mlp.up_proj,25,linear_attention,FFN,up_proj,model.language_model.layers.25.mlp.up_proj,9216,2560,"[9216, 2560]",23592960,23.59296,P0-优先
model.language_model.layers.26.linear_attn.in_proj_a,26,linear_attention,DeltaNet_Attn,in_proj_a,model.language_model.layers.26.linear_attn.in_proj_a,32,2560,"[32, 2560]",81920,0.08192,P2-暂缓
model.language_model.layers.26.linear_attn.in_proj_b,26,linear_attention,DeltaNet_Attn,in_proj_b,model.language_model.layers.26.linear_attn.in_proj_b,32,2560,"[32, 2560]",81920,0.08192,P2-暂缓
model.language_model.layers.26.linear_attn.in_proj_qkv,26,linear_attention,DeltaNet_Attn,in_proj_qkv,model.language_model.layers.26.linear_attn.in_proj_qkv,8192,2560,"[8192, 2560]",20971520,20.97152,P2-暂缓
model.language_model.layers.26.linear_attn.in_proj_z,26,linear_attention,DeltaNet_Attn,in_proj_z,model.language_model.layers.26.linear_attn.in_proj_z,4096,2560,"[4096, 2560]",10485760,10.48576,P2-暂缓
model.language_model.layers.26.linear_attn.out_proj,26,linear_attention,DeltaNet_Attn,out_proj,model.language_model.layers.26.linear_attn.out_proj,2560,4096,"[2560, 4096]",10485760,10.48576,P2-暂缓
model.language_model.layers.26.mlp.down_proj,26,linear_attention,FFN,down_proj,model.language_model.layers.26.mlp.down_proj,2560,9216,"[2560, 9216]",23592960,23.59296,P0-优先
model.language_model.layers.26.mlp.gate_proj,26,linear_attention,FFN,gate_proj,model.language_model.layers.26.mlp.gate_proj,9216,2560,"[9216, 2560]",23592960,23.59296,P0-优先
model.language_model.layers.26.mlp.up_proj,26,linear_attention,FFN,up_proj,model.language_model.layers.26.mlp.up_proj,9216,2560,"[9216, 2560]",23592960,23.59296,P0-优先
model.language_model.layers.27.mlp.down_proj,27,full_attention,FFN,down_proj,model.language_model.layers.27.mlp.down_proj,2560,9216,"[2560, 9216]",23592960,23.59296,P0-优先
model.language_model.layers.27.mlp.gate_proj,27,full_attention,FFN,gate_proj,model.language_model.layers.27.mlp.gate_proj,9216,2560,"[9216, 2560]",23592960,23.59296,P0-优先
model.language_model.layers.27.mlp.up_proj,27,full_attention,FFN,up_proj,model.language_model.layers.27.mlp.up_proj,9216,2560,"[9216, 2560]",23592960,23.59296,P0-优先
model.language_model.layers.27.self_attn.k_proj,27,full_attention,FullAttn,k_proj,model.language_model.layers.27.self_attn.k_proj,1024,2560,"[1024, 2560]",2621440,2.62144,P1-次优
model.language_model.layers.27.self_attn.o_proj,27,full_attention,FullAttn,o_proj,model.language_model.layers.27.self_attn.o_proj,2560,4096,"[2560, 4096]",10485760,10.48576,P1-次优
model.language_model.layers.27.self_attn.q_proj,27,full_attention,FullAttn,q_proj,model.language_model.layers.27.self_attn.q_proj,8192,2560,"[8192, 2560]",20971520,20.97152,P1-次优
model.language_model.layers.27.self_attn.v_proj,27,full_attention,FullAttn,v_proj,model.language_model.layers.27.self_attn.v_proj,1024,2560,"[1024, 2560]",2621440,2.62144,P1-次优
model.language_model.layers.28.linear_attn.in_proj_a,28,linear_attention,DeltaNet_Attn,in_proj_a,model.language_model.layers.28.linear_attn.in_proj_a,32,2560,"[32, 2560]",81920,0.08192,P2-暂缓
model.language_model.layers.28.linear_attn.in_proj_b,28,linear_attention,DeltaNet_Attn,in_proj_b,model.language_model.layers.28.linear_attn.in_proj_b,32,2560,"[32, 2560]",81920,0.08192,P2-暂缓
model.language_model.layers.28.linear_attn.in_proj_qkv,28,linear_attention,DeltaNet_Attn,in_proj_qkv,model.language_model.layers.28.linear_attn.in_proj_qkv,8192,2560,"[8192, 2560]",20971520,20.97152,P2-暂缓
model.language_model.layers.28.linear_attn.in_proj_z,28,linear_attention,DeltaNet_Attn,in_proj_z,model.language_model.layers.28.linear_attn.in_proj_z,4096,2560,"[4096, 2560]",10485760,10.48576,P2-暂缓
model.language_model.layers.28.linear_attn.out_proj,28,linear_attention,DeltaNet_Attn,out_proj,model.language_model.layers.28.linear_attn.out_proj,2560,4096,"[2560, 4096]",10485760,10.48576,P2-暂缓
model.language_model.layers.28.mlp.down_proj,28,linear_attention,FFN,down_proj,model.language_model.layers.28.mlp.down_proj,2560,9216,"[2560, 9216]",23592960,23.59296,P0-优先
model.language_model.layers.28.mlp.gate_proj,28,linear_attention,FFN,gate_proj,model.language_model.layers.28.mlp.gate_proj,9216,2560,"[9216, 2560]",23592960,23.59296,P0-优先
model.language_model.layers.28.mlp.up_proj,28,linear_attention,FFN,up_proj,model.language_model.layers.28.mlp.up_proj,9216,2560,"[9216, 2560]",23592960,23.59296,P0-优先
model.language_model.layers.29.linear_attn.in_proj_a,29,linear_attention,DeltaNet_Attn,in_proj_a,model.language_model.layers.29.linear_attn.in_proj_a,32,2560,"[32, 2560]",81920,0.08192,P2-暂缓
model.language_model.layers.29.linear_attn.in_proj_b,29,linear_attention,DeltaNet_Attn,in_proj_b,model.language_model.layers.29.linear_attn.in_proj_b,32,2560,"[32, 2560]",81920,0.08192,P2-暂缓
model.language_model.layers.29.linear_attn.in_proj_qkv,29,linear_attention,DeltaNet_Attn,in_proj_qkv,model.language_model.layers.29.linear_attn.in_proj_qkv,8192,2560,"[8192, 2560]",20971520,20.97152,P2-暂缓
model.language_model.layers.29.linear_attn.in_proj_z,29,linear_attention,DeltaNet_Attn,in_proj_z,model.language_model.layers.29.linear_attn.in_proj_z,4096,2560,"[4096, 2560]",10485760,10.48576,P2-暂缓
model.language_model.layers.29.linear_attn.out_proj,29,linear_attention,DeltaNet_Attn,out_proj,model.language_model.layers.29.linear_attn.out_proj,2560,4096,"[2560, 4096]",10485760,10.48576,P2-暂缓
model.language_model.layers.29.mlp.down_proj,29,linear_attention,FFN,down_proj,model.language_model.layers.29.mlp.down_proj,2560,9216,"[2560, 9216]",23592960,23.59296,P0-优先
model.language_model.layers.29.mlp.gate_proj,29,linear_attention,FFN,gate_proj,model.language_model.layers.29.mlp.gate_proj,9216,2560,"[9216, 2560]",23592960,23.59296,P0-优先
model.language_model.layers.29.mlp.up_proj,29,linear_attention,FFN,up_proj,model.language_model.layers.29.mlp.up_proj,9216,2560,"[9216, 2560]",23592960,23.59296,P0-优先
model.language_model.layers.30.linear_attn.in_proj_a,30,linear_attention,DeltaNet_Attn,in_proj_a,model.language_model.layers.30.linear_attn.in_proj_a,32,2560,"[32, 2560]",81920,0.08192,P2-暂缓
model.language_model.layers.30.linear_attn.in_proj_b,30,linear_attention,DeltaNet_Attn,in_proj_b,model.language_model.layers.30.linear_attn.in_proj_b,32,2560,"[32, 2560]",81920,0.08192,P2-暂缓
model.language_model.layers.30.linear_attn.in_proj_qkv,30,linear_attention,DeltaNet_Attn,in_proj_qkv,model.language_model.layers.30.linear_attn.in_proj_qkv,8192,2560,"[8192, 2560]",20971520,20.97152,P2-暂缓
model.language_model.layers.30.linear_attn.in_proj_z,30,linear_attention,DeltaNet_Attn,in_proj_z,model.language_model.layers.30.linear_attn.in_proj_z,4096,2560,"[4096, 2560]",10485760,10.48576,P2-暂缓
model.language_model.layers.30.linear_attn.out_proj,30,linear_attention,DeltaNet_Attn,out_proj,model.language_model.layers.30.linear_attn.out_proj,2560,4096,"[2560, 4096]",10485760,10.48576,P2-暂缓
model.language_model.layers.30.mlp.down_proj,30,linear_attention,FFN,down_proj,model.language_model.layers.30.mlp.down_proj,2560,9216,"[2560, 9216]",23592960,23.59296,P0-优先
model.language_model.layers.30.mlp.gate_proj,30,linear_attention,FFN,gate_proj,model.language_model.layers.30.mlp.gate_proj,9216,2560,"[9216, 2560]",23592960,23.59296,P0-优先
model.language_model.layers.30.mlp.up_proj,30,linear_attention,FFN,up_proj,model.language_model.layers.30.mlp.up_proj,9216,2560,"[9216, 2560]",23592960,23.59296,P0-优先
model.language_model.layers.31.mlp.down_proj,31,full_attention,FFN,down_proj,model.language_model.layers.31.mlp.down_proj,2560,9216,"[2560, 9216]",23592960,23.59296,P0-优先
model.language_model.layers.31.mlp.gate_proj,31,full_attention,FFN,gate_proj,model.language_model.layers.31.mlp.gate_proj,9216,2560,"[9216, 2560]",23592960,23.59296,P0-优先
model.language_model.layers.31.mlp.up_proj,31,full_attention,FFN,up_proj,model.language_model.layers.31.mlp.up_proj,9216,2560,"[9216, 2560]",23592960,23.59296,P0-优先
model.language_model.layers.31.self_attn.k_proj,31,full_attention,FullAttn,k_proj,model.language_model.layers.31.self_attn.k_proj,1024,2560,"[1024, 2560]",2621440,2.62144,P1-次优
model.language_model.layers.31.self_attn.o_proj,31,full_attention,FullAttn,o_proj,model.language_model.layers.31.self_attn.o_proj,2560,4096,"[2560, 4096]",10485760,10.48576,P1-次优
model.language_model.layers.31.self_attn.q_proj,31,full_attention,FullAttn,q_proj,model.language_model.layers.31.self_attn.q_proj,8192,2560,"[8192, 2560]",20971520,20.97152,P1-次优
model.language_model.layers.31.self_attn.v_proj,31,full_attention,FullAttn,v_proj,model.language_model.layers.31.self_attn.v_proj,1024,2560,"[1024, 2560]",2621440,2.62144,P1-次优
